,Daily Retail Super Sales Report As of 12-04-2023,,,,,,,,,
,,,,,,,,,,
Transaction ID,Date,Customer ID,Gender,Age,Product Category,Quantity,Price per Unit,Total Amount,Office-City,Region
1,24-11-2023,CUST001,Male,34,Beauty,3,50,150,New York-USA,South
2,27-02-2023,CUST002,Female,26,Clothing,2,500,1000,Lund-Sweden,East
3,13-01-2023,CUST003,Male,50,Electronics,1,30,30,Hong Kong-China,West
4,21-05-2023,CUST004,Male,37,Clothing,1,500,500,Nice-France,North
5,06-05-2023,CUST005,Male,30,Beauty,2,50,100,Seattle-USA,South
6,25-04-2023,CUST006,Female,45,Beauty, ,30,30,Atlantic City-USA,East
7,13-03-2023,CUST007,Male,46,Clothing,2,25,50,Los Angeles-USA,West
8,22-02-2023,CUST008,Male,30,Electronics,4,25,100,Lund-Sweden,North
9,13-12-2023,CUST009,Male,63,Electronics,2,300,600,Hong Kong-China,South
10,07-10-2023,CUST010,Female,52,Clothing,4,50,200,Nice-France,East
11,14-02-2023,CUST011,Male,23,Clothing, ,50,100,Lund-Sweden,West
12,30-10-2023,CUST012,Male,35,Beauty,3,25,75,Hong Kong-China,North
13,05-08-2023,CUST013,Male,22,Electronics,3,500,1500,Nice-France,South
14,17-01-2023,CUST014,Male,64,Clothing,4,30,120,Lund-Sweden,East
15,16-01-2023,CUST015,Female,42,Electronics, ,500,2000,Hong Kong-China,West
16,17-02-2023,CUST016,Male,19,Clothing, ,500,1500,Nice-France,North
17,22-04-2023,CUST017,Female,27,Clothing,4,25,100,New York-USA,South
18,30-04-2023,CUST018,Female,47,Electronics,2,25,50,Lund-Sweden,East
19,16-09-2023,CUST019,Female,62,Clothing,2,25,50,Hong Kong-China,West
20,05-11-2023,CUST020,Male,22,Clothing,3,300,900,Nice-France,North
21,14-01-2023,CUST021,Female,50,Beauty,1,500,500,Seattle-USA,South
22,15-10-2023,CUST022,Male,18,Clothing,2,50,100,Atlantic City-USA,East
23,12-04-2023,CUST023,Female,35,Clothing,4,30,120,Los Angeles-USA,West
24,29-11-2023,CUST024,Female,49,Clothing,1,300,300,Lund-Sweden,North
25,26-12-2023,CUST025,Female,64,Beauty,1,50,50,Hong Kong-China,South
26,07-10-2023,CUST026,Female,28,Electronics,2,500,1000,Nice-France,East
27,03-08-2023,CUST027,Female,38,Beauty,2,25,50,Lund-Sweden,West
28,23-04-2023,CUST028,Female,43,Beauty,1,500,500,Hong Kong-China,North
29,18-08-2023,CUST029,Female,42,Electronics,1,30,30,Nice-France,South
30,29-10-2023,CUST030,Female,39,Beauty,3,300,900,Lund-Sweden,East
31,23-05-2023,CUST031,Male,44,Electronics,4,300,1200,Hong Kong-China,West
32,04-01-2023,CUST032,Male,30,Beauty,3,30,90,Nice-France,North
33,23-03-2023,CUST033,Female,50,Electronics,2,50,100,New York-USA,South
34,24-12-2023,CUST034,Female,51,Clothing,3,50,150,Lund-Sweden,East
35,05-08-2023,CUST035,Female,58,Beauty, ,300,900,Hong Kong-China,West
36,24-06-2023,CUST036,Male,52,Beauty, ,300,900,Nice-France,North
37,23-05-2023,CUST037,Female,18,Beauty,3,25,75,Seattle-USA,South
38,21-03-2023,CUST038,Male,38,Beauty,4,50,200,Atlantic City-USA,East
39,21-04-2023,CUST039,Male,23,Clothing,4,30,120,Los Angeles-USA,West
40,22-06-2023,CUST040,Male,45,Beauty,1,50,50,Lund-Sweden,North
41,22-02-2023,CUST041,Male,34,Clothing,2,25,50,Hong Kong-China,South
42,17-02-2023,CUST042,Male,22,Clothing,3,300,900,Nice-France,East
43,14-07-2023,CUST043,Female,48,Clothing,1,300,300,Lund-Sweden,West
44,19-02-2023,CUST044,Female,22,Clothing,1,25,25,Hong Kong-China,North
45,03-07-2023,CUST045,Female,55,Electronics,1,30,30,Nice-France,South
46,26-06-2023,CUST046,Female,20,Electronics,4,300,1200,Lund-Sweden,East
47,06-11-2023,CUST047,Female,40,Beauty,3,500,1500,Hong Kong-China,West
48,16-05-2023,CUST048,Male,54,Electronics,3,300,900,Nice-France,North
49,23-01-2023,CUST049,Female,54,Electronics,2,500,1000,New York-USA,South
50,24-08-2023,CUST050,Female,27,Beauty,3,25,75,Lund-Sweden,East
51,02-10-2023,CUST051,Male,27,Beauty,3,25,75,Hong Kong-China,West
52,05-03-2023,CUST052,Female,36,Beauty,1,300,300,Nice-France,North
53,13-07-2023,CUST053,Male,34,Electronics,2,50,100,Seattle-USA,South
54,10-02-2023,CUST054,Female,38,Electronics,3,500,1500,Atlantic City-USA,East
55,10-10-2023,CUST055,Male,31,Beauty,4,30,120,Los Angeles-USA,West
56,31-05-2023,CUST056,Female,26,Clothing,3,300,900,Lund-Sweden,North
57,18-11-2023,CUST057,Female,63,Beauty,1,30,30,Hong Kong-China,South
58,13-11-2023,CUST058,Male,18,Clothing,4,300,1200,Nice-France,East
59,05-07-2023,CUST059,Male,62,Clothing,1,50,50,Lund-Sweden,West
60,23-10-2023,CUST060,Male,30,Beauty,3,50,150,Hong Kong-China,North
61,09-04-2023,CUST061,Male,21,Beauty,4,50,200,Nice-France,South
62,27-12-2023,CUST062,Male,18,Beauty,2,50,100,Lund-Sweden,East
63,05-02-2023,CUST063,Male,57,Electronics,2,25,50,Hong Kong-China,West
64,24-01-2023,CUST064,Male,49,Clothing,4,25,100,Nice-France,North
65,05-12-2023,CUST065,Male,51,Electronics,4,500,2000,New York-USA,South
66,27-04-2023,CUST066,Female,45,Electronics,1,30,30,Lund-Sweden,East
67,29-05-2023,CUST067,Female,48,Beauty,4,300,1200,Hong Kong-China,West
68,10-02-2023,CUST068,Male,25,Electronics,1,300,300,Nice-France,North
69,30-04-2023,CUST069,Female,56,Beauty,3,25,75,Seattle-USA,South
,,,,,,,,,Atlantic City-USA,East
70,21-02-2023,CUST070,Female,43,Clothing,1,300,300,Los Angeles-USA,West
71,14-07-2023,CUST071,Female,51,Beauty,4,25,100,Lund-Sweden,North
72,23-05-2023,CUST072,Female,20,Electronics,4,500,2000,Hong Kong-China,South
73,21-08-2023,CUST073,Male,29,Electronics,3,30,90,Nice-France,East
74,22-11-2023,CUST074,Female,18,Beauty,4,500,2000,Lund-Sweden,West
75,06-07-2023,CUST075,Male,61,Beauty,4,50,200,Hong Kong-China,North
76,25-03-2023,CUST076,Female,22,Electronics,2,50,100,Nice-France,South
77,09-07-2023,CUST077,Female,47,Clothing,2,50,100,Lund-Sweden,East
78,01-07-2023,CUST078,Female,47,Clothing,3,500,1500,Hong Kong-China,West
79,18-04-2023,CUST079,Male,34,Beauty,1,300,300,Nice-France,North
80,10-12-2023,CUST080,Female,64,Clothing,2,30,60,New York-USA,South
,,,,,,,,,Lund-Sweden,East
81,17-05-2023,CUST081,Male,40,Electronics,1,50,50,Hong Kong-China,West
82,26-12-2023,CUST082,Female,32,Beauty,4,50,200,Nice-France,North
83,16-12-2023,CUST083,Male,54,Electronics,2,50,100,Seattle-USA,South
84,28-11-2023,CUST084,Female,38,Electronics,3,30,90,Atlantic City-USA,East
85,06-02-2023,CUST085,Male,31,Clothing,3,50,150,Los Angeles-USA,West
86,08-11-2023,CUST086,Male,19,Beauty,3,30,90,Lund-Sweden,North
87,22-11-2023,CUST087,Female,28,Beauty,2,50,100,Hong Kong-China,South
88,29-03-2023,CUST088,Male,56,Clothing,1,500,500,Nice-France,East
89,01-10-2023,CUST089,Female,55,Electronics,4,500,2000,Lund-Sweden,West
90,06-05-2023,CUST090,Female,51,Electronics,1,30,30,Hong Kong-China,North
91,25-03-2023,CUST091,Female,55,Electronics,1,500,500,Nice-France,South
92,25-08-2023,CUST092,Female,51,Electronics,4,30,120,Lund-Sweden,East
93,14-07-2023,CUST093,Female,35,Beauty,4,500,2000,Hong Kong-China,West
94,19-05-2023,CUST094,Female,47,Beauty,2,500,1000,Nice-France,North
95,24-11-2023,CUST095,Female,32,Clothing,2,30,60,New York-USA,South
96,19-12-2023,CUST096,Female,44,Clothing,2,300,600,Lund-Sweden,East
97,13-10-2023,CUST097,Female,51,Beauty,2,500,1000,Hong Kong-China,West
98,23-04-2023,CUST098,Female,55,Beauty,2,50,100,Nice-France,North
99,17-12-2023,CUST099,Female,50,Electronics,4,300,1200,Seattle-USA,South
100,16-06-2023,CUST100,Male,41,Electronics,1,30,30,Atlantic City-USA,East
101,29-01-2023,CUST101,Male,32,Clothing,2,300,600,Los Angeles-USA,West
102,28-04-2023,CUST102,Female,47,Beauty,2,25,50,Lund-Sweden,North
103,17-01-2023,CUST103,Female,59,Clothing,1,25,25,Hong Kong-China,South
104,11-06-2023,CUST104,Female,34,Beauty,2,500,1000,Nice-France,East
105,25-07-2023,CUST105,Female,22,Electronics,1,500,500,Lund-Sweden,West
106,18-05-2023,CUST106,Female,46,Clothing,1,50,50,Hong Kong-China,North
107,03-02-2023,CUST107,Female,21,Clothing,4,300,1200,Nice-France,South
108,19-04-2023,CUST108,Female,27,Beauty,3,25,75,Lund-Sweden,East
109,18-10-2023,CUST109,Female,34,Electronics,4,500,2000,Hong Kong-China,West
110,11-06-2023,CUST110,Male,27,Clothing,3,300,900,Nice-France,North
111,19-04-2023,CUST111,Female,34,Electronics,3,500,1500,New York-USA,South
112,02-12-2023,CUST112,Male,37,Clothing,3,500,1500,Lund-Sweden,East
113,13-09-2023,CUST113,Female,41,Electronics,2,25,50,Hong Kong-China,West
114,22-07-2023,CUST114,Female,22,Beauty,4,25,100,Nice-France,North
115,26-11-2023,CUST115,Male,51,Clothing,3,500,1500,Seattle-USA,South
116,23-08-2023,CUST116,Female,23,Clothing,1,30,30,Atlantic City-USA,East
117,15-03-2023,CUST117,Male,19,Electronics,2,500,1000,Los Angeles-USA,West
118,16-05-2023,CUST118,Female,30,Electronics,4,500,2000,Lund-Sweden,North
119,13-03-2023,CUST119,Female,60,Clothing,3,50,150,Hong Kong-China,South
120,07-05-2023,CUST120,Male,60,Beauty,1,50,50,Nice-France,East
121,15-10-2023,CUST121,Female,28,Electronics,4,50,200,Lund-Sweden,West
122,03-10-2023,CUST122,Male,64,Electronics,4,30,120,Hong Kong-China,North
123,15-05-2023,CUST123,Female,40,Electronics,2,30,60,Nice-France,South
124,27-10-2023,CUST124,Male,33,Clothing,4,500,2000,Lund-Sweden,East
125,08-08-2023,CUST125,Male,48,Clothing,2,50,100,Hong Kong-China,West
126,26-10-2023,CUST126,Female,28,Clothing,3,30,90,Nice-France,North
127,24-07-2023,CUST127,Female,33,Clothing,2,25,50,New York-USA,South
128,05-07-2023,CUST128,Male,25,Beauty,1,500,500,Lund-Sweden,East
129,23-04-2023,CUST129,Female,21,Beauty,2,300,600,Hong Kong-China,West
130,12-03-2023,CUST130,Female,57,Clothing,1,500,500,Nice-France,North
131,18-09-2023,CUST131,Female,21,Beauty,2,300,600,Seattle-USA,South
132,10-09-2023,CUST132,Male,42,Electronics,4,50,200,Atlantic City-USA,East
133,16-02-2023,CUST133,Male,20,Electronics,3,300,900,Los Angeles-USA,West
134,25-01-2023,CUST134,Male,49,Electronics,1,50,50,Lund-Sweden,North
135,26-02-2023,CUST135,Male,20,Clothing,2,25,50,Hong Kong-China,South
136,20-03-2023,CUST136,Male,44,Electronics,2,300,600,Nice-France,East
137,18-11-2023,CUST137,Male,46,Beauty,2,500,1000,Lund-Sweden,West
138,23-03-2023,CUST138,Male,49,Clothing,4,50,200,Hong Kong-China,North
139,15-12-2023,CUST139,Male,36,Beauty,4,500,2000,Nice-France,South
140,05-08-2023,CUST140,Male,38,Electronics,1,30,30,Lund-Sweden,East
141,02-11-2023,CUST141,Female,22,Electronics,1,50,50,Hong Kong-China,West
142,02-02-2023,CUST142,Male,35,Electronics,4,300,1200,Nice-France,North
143,17-07-2023,CUST143,Female,45,Clothing,1,50,50,New York-USA,South
144,15-07-2023,CUST144,Female,59,Beauty,3,500,1500,Lund-Sweden,East
145,02-11-2023,CUST145,Female,39,Clothing,3,25,75,Hong Kong-China,West
146,28-08-2023,CUST146,Male,38,Clothing,4,50,200,Nice-France,North
147,28-09-2023,CUST147,Male,23,Electronics,1,300,300,Seattle-USA,South
148,09-05-2023,CUST148,Male,18,Clothing,2,30,60,Atlantic City-USA,East
149,11-10-2023,CUST149,Male,22,Clothing,3,25,75,Los Angeles-USA,West
150,06-01-2023,CUST150,Female,58,Electronics,4,30,120,Lund-Sweden,North
151,15-12-2023,CUST151,Male,29,Clothing,1,50,50,Hong Kong-China,South
152,28-02-2023,CUST152,Male,43,Electronics,4,500,2000,Nice-France,East
153,16-12-2023,CUST153,Male,63,Electronics,2,500,1000,Lund-Sweden,West
154,02-10-2023,CUST154,Male,51,Electronics,3,300,900,Hong Kong-China,North
155,17-05-2023,CUST155,Male,31,Electronics,4,500,2000,Nice-France,South
156,25-11-2023,CUST156,Female,43,Clothing,4,25,100,Lund-Sweden,East
157,24-06-2023,CUST157,Male,62,Electronics,4,500,2000,Hong Kong-China,West
158,27-02-2023,CUST158,Female,44,Electronics,2,300,600,Nice-France,North
159,31-05-2023,CUST159,Male,26,Clothing,4,50,200,New York-USA,South
160,11-08-2023,CUST160,Female,43,Clothing,2,50,100,Lund-Sweden,East
161,22-03-2023,CUST161,Male,64,Beauty,2,500,1000,Hong Kong-China,West
162,21-08-2023,CUST162,Male,39,Clothing,2,30,60,Nice-France,North
163,02-01-2023,CUST163,Female,64,Clothing,3,50,150,Seattle-USA,South
164,15-05-2023,CUST164,Female,47,Beauty,3,500,1500,Atlantic City-USA,East
165,14-09-2023,CUST165,Female,60,Clothing,4,300,1200,Los Angeles-USA,West
166,02-04-2023,CUST166,Male,34,Clothing,4,500,2000,Lund-Sweden,North
167,17-09-2023,CUST167,Female,43,Clothing,3,50,150,Hong Kong-China,South
168,24-02-2023,CUST168,Male,53,Clothing,1,300,300,Nice-France,East
169,17-11-2023,CUST169,Male,18,Beauty,3,500,1500,Lund-Sweden,West
170,02-06-2023,CUST170,Female,25,Clothing,2,25,50,Hong Kong-China,North
171,24-11-2023,CUST171,Female,52,Clothing,3,300,900,Nice-France,South
172,17-09-2023,CUST172,Male,32,Beauty,2,25,50,Lund-Sweden,East
173,08-11-2023,CUST173,Male,64,Electronics,4,30,120,Hong Kong-China,West
174,12-04-2023,CUST174,Female,39,Beauty,1,300,300,Nice-France,North
175,20-03-2023,CUST175,Female,31,Electronics,4,25,100,New York-USA,South
176,11-07-2023,CUST176,Female,43,Beauty,2,50,100,Lund-Sweden,East
177,24-03-2023,CUST177,Male,45,Beauty,2,50,100,Hong Kong-China,West
178,04-10-2023,CUST178,Male,40,Clothing,2,30,60,Nice-France,North
179,29-09-2023,CUST179,Male,31,Electronics,1,300,300,Seattle-USA,South
180,01-01-2023,CUST180,Male,41,Clothing,3,300,900,Atlantic City-USA,East
181,03-11-2023,CUST181,Male,19,Electronics,4,300,1200,Los Angeles-USA,West
182,15-06-2023,CUST182,Male,62,Beauty,4,30,120,Lund-Sweden,North
183,08-09-2023,CUST183,Female,43,Beauty,3,300,900,Hong Kong-China,South
184,10-01-2023,CUST184,Male,31,Electronics,4,50,200,Nice-France,East
185,27-02-2023,CUST185,Male,24,Clothing,1,25,25,Lund-Sweden,West
186,05-07-2023,CUST186,Male,20,Clothing,4,50,200,Hong Kong-China,North
187,07-06-2023,CUST187,Female,64,Clothing,2,50,100,Nice-France,South
188,03-05-2023,CUST188,Male,40,Clothing,3,25,75,Lund-Sweden,East
189,30-01-2023,CUST189,Male,63,Beauty,1,50,50,Hong Kong-China,West
190,04-05-2023,CUST190,Female,60,Beauty,3,30,90,Nice-France,North
191,18-10-2023,CUST191,Male,64,Beauty,1,25,25,New York-USA,South
192,10-02-2023,CUST192,Male,62,Beauty,2,50,100,Lund-Sweden,East
193,13-02-2023,CUST193,Male,35,Beauty,3,500,1500,Hong Kong-China,West
194,06-09-2023,CUST194,Male,55,Clothing,4,50,200,Nice-France,North
195,05-02-2023,CUST195,Male,52,Clothing,1,30,30,Seattle-USA,South
196,30-09-2023,CUST196,Female,32,Clothing,3,300,900,Atlantic City-USA,East
197,06-03-2023,CUST197,Female,42,Clothing,4,50,200,Los Angeles-USA,West
198,07-03-2023,CUST198,Female,54,Beauty,3,300,900,Lund-Sweden,North
199,04-12-2023,CUST199,Male,45,Beauty,3,500,1500,Hong Kong-China,South
200,01-09-2023,CUST200,Male,27,Beauty,3,50,150,Nice-France,East
201,09-10-2023,CUST201,Male,56,Electronics,1,25,25,Lund-Sweden,West
202,26-03-2023,CUST202,Female,34,Clothing,4,300,1200,Hong Kong-China,North
203,16-05-2023,CUST203,Male,56,Clothing,2,500,1000,Nice-France,South
204,28-09-2023,CUST204,Male,39,Beauty,1,25,25,Lund-Sweden,East
205,07-11-2023,CUST205,Female,43,Clothing,1,25,25,Hong Kong-China,West
206,05-08-2023,CUST206,Male,61,Clothing,1,25,25,Nice-France,North
207,19-04-2023,CUST207,Female,42,Beauty,2,25,50,New York-USA,South
208,04-10-2023,CUST208,Female,34,Electronics,4,50,200,Lund-Sweden,East
209,20-12-2023,CUST209,Female,30,Electronics,4,50,200,Hong Kong-China,West
210,13-04-2023,CUST210,Male,37,Electronics,4,50,200,Nice-France,North
211,01-01-2024,CUST211,Male,42,Beauty,3,500,1500,Seattle-USA,South
212,09-06-2023,CUST212,Male,21,Clothing,3,500,1500,Atlantic City-USA,East
213,24-07-2023,CUST213,Male,27,Beauty,3,500,1500,Los Angeles-USA,West
214,10-12-2023,CUST214,Male,20,Beauty,2,30,60,Lund-Sweden,North
215,29-11-2023,CUST215,Male,58,Clothing,3,500,1500,Hong Kong-China,South
216,11-07-2023,CUST216,Male,62,Electronics,2,50,100,Nice-France,East
217,13-08-2023,CUST217,Female,35,Electronics,4,50,200,Lund-Sweden,West
218,22-09-2023,CUST218,Male,64,Beauty,3,30,90,Hong Kong-China,North
219,20-08-2023,CUST219,Female,53,Electronics,3,30,90,Nice-France,South
220,03-03-2023,CUST220,Male,64,Beauty,1,500,500,Lund-Sweden,East
221,07-05-2023,CUST221,Male,39,Beauty,2,300,600,Hong Kong-China,West
222,26-04-2023,CUST222,Male,51,Clothing,4,30,120,Nice-France,North
223,02-02-2023,CUST223,Female,64,Clothing,1,25,25,New York-USA,South
224,23-06-2023,CUST224,Female,25,Clothing,1,50,50,Lund-Sweden,East
225,11-01-2023,CUST225,Female,57,Beauty,4,25,100,Hong Kong-China,West
226,29-10-2023,CUST226,Female,61,Clothing,1,50,50,Nice-France,North
227,11-10-2023,CUST227,Male,36,Electronics,2,50,100,Seattle-USA,South
228,28-04-2023,CUST228,Female,59,Electronics,2,30,60,Atlantic City-USA,East
229,29-10-2023,CUST229,Male,58,Beauty,3,30,90,Los Angeles-USA,West
230,23-04-2023,CUST230,Male,54,Beauty,1,25,25,Lund-Sweden,North
231,04-01-2023,CUST231,Female,23,Clothing,3,50,150,Hong Kong-China,South
232,06-02-2023,CUST232,Female,43,Beauty,1,25,25,Nice-France,East
233,29-12-2023,CUST233,Female,51,Beauty,2,300,600,Lund-Sweden,West
234,20-11-2023,CUST234,Female,62,Electronics,2,25,50,Hong Kong-China,North
235,31-01-2023,CUST235,Female,23,Electronics,2,500,1000,Nice-France,South
236,28-04-2023,CUST236,Female,54,Clothing,1,25,25,Lund-Sweden,East
237,04-02-2023,CUST237,Female,50,Beauty,2,500,1000,Hong Kong-China,West
238,17-01-2023,CUST238,Female,39,Beauty,1,500,500,Nice-France,North
239,19-06-2023,CUST239,Male,38,Electronics,3,500,1500,New York-USA,South
240,06-02-2023,CUST240,Female,23,Beauty,1,300,300,Lund-Sweden,East
241,21-09-2023,CUST241,Female,23,Electronics,3,25,75,Hong Kong-China,West
242,02-05-2023,CUST242,Male,21,Clothing,1,25,25,Nice-France,North
243,23-05-2023,CUST243,Female,47,Electronics,3,300,900,Seattle-USA,South
244,09-12-2023,CUST244,Male,28,Beauty,2,50,100,Atlantic City-USA,East
245,06-09-2023,CUST245,Male,47,Clothing,3,30,90,Los Angeles-USA,West
246,20-04-2023,CUST246,Female,48,Electronics,2,25,50,Lund-Sweden,North
247,04-10-2023,CUST247,Male,41,Electronics,2,30,60,Hong Kong-China,South
248,09-03-2023,CUST248,Male,26,Clothing,3,300,900,Nice-France,East
249,20-10-2023,CUST249,Male,20,Clothing,1,50,50,Lund-Sweden,West
250,23-10-2023,CUST250,Male,48,Electronics,1,50,50,Hong Kong-China,North
251,31-08-2023,CUST251,Female,57,Beauty,4,50,200,Nice-France,South
252,05-05-2023,CUST252,Male,54,Electronics,1,300,300,Lund-Sweden,East
253,31-08-2023,CUST253,Female,53,Clothing,4,500,2000,Hong Kong-China,West
254,28-07-2023,CUST254,Male,41,Electronics,1,500,500,Nice-France,North
255,08-04-2023,CUST255,Male,48,Clothing,1,30,30,New York-USA,South
256,18-02-2023,CUST256,Male,23,Clothing,2,500,1000,Lund-Sweden,East
257,19-02-2023,CUST257,Male,19,Beauty,4,500,2000,Hong Kong-China,West
258,04-12-2023,CUST258,Female,37,Clothing,1,50,50,Nice-France,North
259,09-08-2023,CUST259,Female,45,Clothing,4,50,200,Seattle-USA,South
260,01-07-2023,CUST260,Male,28,Beauty,2,30,60,Atlantic City-USA,East
261,05-08-2023,CUST261,Male,21,Clothing,2,25,50,Los Angeles-USA,West
262,30-07-2023,CUST262,Female,32,Beauty,4,30,120,Lund-Sweden,North
263,28-08-2023,CUST263,Male,23,Beauty,2,30,60,Hong Kong-China,South
264,28-01-2023,CUST264,Male,47,Clothing,3,300,900,Nice-France,East
265,11-12-2023,CUST265,Male,55,Clothing,3,300,900,Lund-Sweden,West
266,01-12-2023,CUST266,Female,19,Electronics,2,30,60,Hong Kong-China,North
267,27-11-2023,CUST267,Female,32,Beauty,3,30,90,Nice-France,South
268,20-02-2023,CUST268,Female,28,Electronics,1,30,30,Lund-Sweden,East
269,01-02-2023,CUST269,Male,25,Clothing,4,500,2000,Hong Kong-China,West
270,26-07-2023,CUST270,Male,43,Electronics,1,300,300,Nice-France,North
271,23-06-2023,CUST271,Female,62,Beauty,4,30,120,New York-USA,South
272,25-02-2023,CUST272,Female,61,Electronics,2,50,100,Lund-Sweden,East
273,08-05-2023,CUST273,Female,22,Beauty,1,50,50,Hong Kong-China,West
274,09-04-2023,CUST274,Female,23,Clothing,2,500,1000,Nice-France,North
275,08-04-2023,CUST275,Male,43,Clothing,2,500,1000,Seattle-USA,South
276,02-10-2023,CUST276,Female,21,Beauty,4,25,100,Atlantic City-USA,East
277,18-08-2023,CUST277,Male,36,Clothing,4,25,100,Los Angeles-USA,West
278,13-03-2023,CUST278,Female,37,Clothing,4,25,100,Lund-Sweden,North
279,05-08-2023,CUST279,Male,50,Clothing,1,500,500,Hong Kong-China,South
280,04-04-2023,CUST280,Female,37,Clothing,3,500,1500,Nice-France,East
281,23-05-2023,CUST281,Female,29,Beauty,4,500,2000,Lund-Sweden,West
282,25-08-2023,CUST282,Female,64,Electronics,4,50,200,Hong Kong-China,North
283,08-05-2023,CUST283,Female,18,Electronics,1,500,500,Nice-France,South
284,08-02-2023,CUST284,Male,43,Clothing,4,50,200,Lund-Sweden,East
285,15-08-2023,CUST285,Female,31,Electronics,1,25,25,Hong Kong-China,West
286,09-10-2023,CUST286,Male,55,Electronics,2,25,50,Nice-France,North
287,20-02-2023,CUST287,Male,54,Clothing,4,25,100,New York-USA,South
288,26-01-2023,CUST288,Male,28,Clothing,4,30,120,Lund-Sweden,East
289,30-11-2023,CUST289,Male,53,Electronics,2,30,60,Hong Kong-China,West
290,04-10-2023,CUST290,Female,30,Beauty,2,300,600,Nice-France,North
291,08-01-2023,CUST291,Male,60,Clothing,2,300,600,Seattle-USA,South
292,17-02-2023,CUST292,Male,20,Beauty,4,300,1200,Atlantic City-USA,East
293,02-05-2023,CUST293,Male,50,Electronics,3,30,90,Los Angeles-USA,West
294,27-03-2023,CUST294,Female,23,Clothing,3,30,90,Lund-Sweden,North
295,28-07-2023,CUST295,Female,27,Beauty,3,300,900,Hong Kong-China,South
296,06-09-2023,CUST296,Female,22,Clothing,4,300,1200,Nice-France,East
297,04-09-2023,CUST297,Female,40,Electronics,2,500,1000,Lund-Sweden,West
298,20-04-2023,CUST298,Male,27,Beauty,4,300,1200,Hong Kong-China,North
299,25-07-2023,CUST299,Male,61,Electronics,2,500,1000,Nice-France,South
300,31-01-2023,CUST300,Female,19,Electronics,4,50,200,Lund-Sweden,East
301,26-03-2023,CUST301,Male,30,Clothing,4,30,120,Hong Kong-China,West
302,14-07-2023,CUST302,Male,57,Beauty,2,300,600,Nice-France,North
303,02-01-2023,CUST303,Male,19,Electronics,3,30,90,New York-USA,South
304,19-07-2023,CUST304,Female,37,Electronics,2,30,60,Lund-Sweden,East
305,16-05-2023,CUST305,Female,18,Beauty,1,30,30,Hong Kong-China,West
306,21-08-2023,CUST306,Male,54,Electronics,1,50,50,Nice-France,North
307,27-05-2023,CUST307,Female,26,Electronics,2,25,50,Seattle-USA,South
308,05-08-2023,CUST308,Female,34,Beauty,4,300,1200,Atlantic City-USA,East
309,23-12-2023,CUST309,Female,26,Beauty,1,25,25,Los Angeles-USA,West
310,12-10-2023,CUST310,Female,28,Beauty,1,25,25,Lund-Sweden,North
311,05-12-2023,CUST311,Female,32,Beauty,4,25,100,Hong Kong-China,South
312,07-09-2023,CUST312,Male,41,Clothing,4,30,120,Nice-France,East
313,21-03-2023,CUST313,Female,55,Beauty,3,500,1500,Lund-Sweden,West
314,08-04-2023,CUST314,Male,52,Clothing,4,30,120,Hong Kong-China,North
315,01-06-2023,CUST315,Male,47,Clothing,2,30,60,Nice-France,South
316,22-04-2023,CUST316,Female,48,Clothing,2,25,50,Lund-Sweden,East
317,30-01-2023,CUST317,Male,22,Electronics,3,30,90,Hong Kong-China,West
318,24-10-2023,CUST318,Male,61,Clothing,1,25,25,Nice-France,North
319,05-10-2023,CUST319,Male,31,Clothing,1,500,500,New York-USA,South
320,01-02-2023,CUST320,Female,28,Electronics,4,300,1200,Lund-Sweden,East
321,10-06-2023,CUST321,Female,26,Electronics,2,25,50,Hong Kong-China,West
322,30-01-2023,CUST322,Male,51,Electronics,1,500,500,Nice-France,North
323,26-01-2023,CUST323,Female,29,Beauty,3,300,900,Seattle-USA,South
324,27-10-2023,CUST324,Female,52,Electronics,3,50,150,Atlantic City-USA,East
325,02-09-2023,CUST325,Female,52,Electronics,2,25,50,Los Angeles-USA,West
326,15-09-2023,CUST326,Female,18,Clothing,3,25,75,Lund-Sweden,North
327,29-09-2023,CUST327,Male,57,Electronics,3,50,150,Hong Kong-China,South
328,22-03-2023,CUST328,Male,39,Beauty,2,50,100,Nice-France,East
329,30-01-2023,CUST329,Female,46,Electronics,4,25,100,Lund-Sweden,West
330,18-09-2023,CUST330,Female,25,Beauty,4,50,200,Hong Kong-China,North
331,11-02-2023,CUST331,Male,28,Electronics,3,30,90,Nice-France,South
332,06-04-2023,CUST332,Male,58,Electronics,4,300,1200,Lund-Sweden,East
333,05-02-2023,CUST333,Female,54,Electronics,4,300,1200,Hong Kong-China,West
334,01-11-2023,CUST334,Male,31,Electronics,3,300,900,Nice-France,North
335,04-02-2023,CUST335,Female,47,Beauty,4,30,120,New York-USA,South
336,12-12-2023,CUST336,Female,52,Beauty,3,50,150,Lund-Sweden,East
337,01-05-2023,CUST337,Male,38,Clothing,1,500,500,Hong Kong-China,West
338,26-07-2023,CUST338,Male,54,Beauty,2,50,100,Nice-France,North
339,03-03-2023,CUST339,Female,22,Electronics,2,25,50,Seattle-USA,South
340,19-10-2023,CUST340,Female,36,Clothing,4,300,1200,Atlantic City-USA,East
341,07-05-2023,CUST341,Male,31,Clothing,4,50,200,Los Angeles-USA,West
342,24-10-2023,CUST342,Female,43,Clothing,4,500,2000,Lund-Sweden,North
343,01-11-2023,CUST343,Male,21,Electronics,2,25,50,Hong Kong-China,South
344,21-01-2023,CUST344,Female,42,Beauty,1,30,30,Nice-France,East
345,14-11-2023,CUST345,Male,62,Electronics,1,30,30,Lund-Sweden,West
346,11-02-2023,CUST346,Male,59,Clothing,2,500,1000,Hong Kong-China,North
347,03-08-2023,CUST347,Male,42,Electronics,1,25,25,Nice-France,South
348,03-12-2023,CUST348,Female,35,Electronics,2,300,600,Lund-Sweden,East
349,26-10-2023,CUST349,Female,57,Beauty,1,50,50,Hong Kong-China,West
350,17-10-2023,CUST350,Male,25,Beauty,3,25,75,Nice-France,North
351,25-09-2023,CUST351,Female,56,Clothing,3,30,90,New York-USA,South
352,11-06-2023,CUST352,Male,57,Electronics,2,500,1000,Lund-Sweden,East
353,14-05-2023,CUST353,Male,31,Electronics,1,500,500,Hong Kong-China,West
354,15-04-2023,CUST354,Female,49,Beauty,4,50,200,Nice-France,North
355,09-12-2023,CUST355,Female,55,Electronics,1,500,500,Seattle-USA,South
356,10-06-2023,CUST356,Male,50,Electronics,3,500,1500,Atlantic City-USA,East
357,03-05-2023,CUST357,Female,40,Electronics,3,25,75,Los Angeles-USA,West
358,16-05-2023,CUST358,Female,32,Beauty,1,300,300,Lund-Sweden,North
359,22-07-2023,CUST359,Male,50,Clothing,1,50,50,Hong Kong-China,South
360,09-03-2023,CUST360,Male,42,Clothing,4,25,100,Nice-France,East
361,10-12-2023,CUST361,Female,34,Electronics,4,300,1200,Lund-Sweden,West
362,27-11-2023,CUST362,Male,50,Clothing,1,25,25,Hong Kong-China,North
363,03-06-2023,CUST363,Male,64,Beauty,1,25,25,Nice-France,South
364,23-08-2023,CUST364,Female,19,Beauty,1,500,500,Lund-Sweden,East
365,11-06-2023,CUST365,Male,31,Clothing,1,300,300,Hong Kong-China,West
366,07-02-2023,CUST366,Male,57,Clothing,2,50,100,Nice-France,North
367,05-01-2023,CUST367,Female,57,Electronics,1,50,50,New York-USA,South
368,23-08-2023,CUST368,Female,56,Clothing,4,300,1200,Lund-Sweden,East
369,15-11-2023,CUST369,Male,23,Electronics,3,500,1500,Hong Kong-China,West
370,16-10-2023,CUST370,Male,23,Electronics,2,30,60,Nice-France,North
371,21-02-2023,CUST371,Female,20,Beauty,1,25,25,Seattle-USA,South
372,07-02-2023,CUST372,Female,24,Beauty,3,500,1500,Atlantic City-USA,East
373,03-10-2023,CUST373,Female,25,Beauty,2,300,600,Los Angeles-USA,West
374,20-04-2023,CUST374,Female,59,Beauty,3,25,75,Lund-Sweden,North
375,17-09-2023,CUST375,Male,32,Clothing,1,50,50,Hong Kong-China,South
376,16-05-2023,CUST376,Female,64,Beauty,1,30,30,Nice-France,East
377,09-03-2023,CUST377,Female,46,Clothing,4,50,200,Lund-Sweden,West
378,28-06-2023,CUST378,Male,50,Beauty,1,300,300,Hong Kong-China,North
379,05-02-2023,CUST379,Female,47,Clothing,1,25,25,Nice-France,South
380,06-05-2023,CUST380,Male,56,Electronics,2,300,600,Lund-Sweden,East
381,09-07-2023,CUST381,Female,44,Clothing,4,25,100,Hong Kong-China,West
382,26-05-2023,CUST382,Female,53,Clothing,2,500,1000,Nice-France,North
383,22-03-2023,CUST383,Female,46,Beauty,3,30,90,New York-USA,South
384,13-08-2023,CUST384,Male,55,Clothing,1,500,500,Lund-Sweden,East
385,06-10-2023,CUST385,Male,50,Electronics,3,500,1500,Hong Kong-China,West
386,27-12-2023,CUST386,Female,54,Electronics,2,300,600,Nice-France,North
387,04-06-2023,CUST387,Male,44,Beauty,1,30,30,Seattle-USA,South
388,10-11-2023,CUST388,Male,50,Electronics,1,25,25,Atlantic City-USA,East
389,01-12-2023,CUST389,Male,21,Clothing,2,25,50,Los Angeles-USA,West
390,28-09-2023,CUST390,Male,39,Electronics,2,50,100,Lund-Sweden,North
391,05-01-2023,CUST391,Male,19,Beauty,2,25,50,Hong Kong-China,South
392,08-12-2023,CUST392,Male,27,Clothing,2,300,600,Nice-France,East
393,11-10-2023,CUST393,Female,22,Beauty,2,500,1000,Lund-Sweden,West
394,03-06-2023,CUST394,Female,27,Clothing,1,500,500,Hong Kong-China,North
395,06-12-2023,CUST395,Male,50,Electronics,2,500,1000,Nice-France,South
396,23-02-2023,CUST396,Female,55,Beauty,1,30,30,Lund-Sweden,East
397,10-03-2023,CUST397,Female,30,Beauty,1,25,25,Hong Kong-China,West
398,16-05-2023,CUST398,Female,48,Clothing,2,300,600,Nice-France,North
399,01-03-2023,CUST399,Female,64,Beauty,2,30,60,New York-USA,South
400,24-02-2023,CUST400,Male,53,Clothing,4,50,200,Lund-Sweden,East
401,11-10-2023,CUST401,Female,62,Clothing,1,300,300,Hong Kong-China,West
402,21-03-2023,CUST402,Female,41,Clothing,2,300,600,Nice-France,North
403,20-05-2023,CUST403,Male,32,Clothing,2,300,600,Seattle-USA,South
404,25-05-2023,CUST404,Male,46,Electronics,2,500,1000,Atlantic City-USA,East
405,06-11-2023,CUST405,Female,25,Clothing,4,300,1200,Los Angeles-USA,West
406,18-04-2023,CUST406,Female,22,Beauty,4,25,100,Lund-Sweden,North
407,25-06-2023,CUST407,Female,46,Electronics,3,300,900,Hong Kong-China,South
408,15-04-2023,CUST408,Female,64,Beauty,1,500,500,Nice-France,East
409,18-12-2023,CUST409,Female,21,Electronics,3,300,900,Lund-Sweden,West
410,21-11-2023,CUST410,Female,29,Clothing,2,50,100,Hong Kong-China,North
411,16-05-2023,CUST411,Male,62,Electronics,4,50,200,Nice-France,South
412,16-09-2023,CUST412,Female,19,Electronics,4,500,2000,Lund-Sweden,East
413,08-09-2023,CUST413,Female,44,Beauty,3,25,75,Hong Kong-China,West
414,09-05-2023,CUST414,Male,48,Beauty,4,25,100,Nice-France,North
415,27-01-2023,CUST415,Male,53,Clothing,2,30,60,New York-USA,South
416,17-02-2023,CUST416,Male,53,Electronics,4,500,2000,Lund-Sweden,East
417,21-11-2023,CUST417,Male,43,Electronics,3,300,900,Hong Kong-China,West
418,05-08-2023,CUST418,Female,60,Electronics,2,500,1000,Nice-France,North
419,22-05-2023,CUST419,Female,44,Clothing,3,30,90,Seattle-USA,South
420,23-01-2023,CUST420,Female,22,Clothing,4,500,2000,Atlantic City-USA,East
421,02-01-2023,CUST421,Female,37,Clothing,3,500,1500,Los Angeles-USA,West
422,20-06-2023,CUST422,Female,28,Clothing,3,30,90,Lund-Sweden,North
423,08-03-2023,CUST423,Female,27,Clothing,1,25,25,Hong Kong-China,South
424,23-11-2023,CUST424,Male,57,Beauty,4,300,1200,Nice-France,East
425,15-05-2023,CUST425,Female,55,Electronics,4,30,120,Lund-Sweden,West
426,24-03-2023,CUST426,Male,23,Electronics,3,50,150,Hong Kong-China,North
427,15-08-2023,CUST427,Male,25,Electronics,1,25,25,Nice-France,South
428,10-10-2023,CUST428,Female,40,Electronics,4,50,200,Lund-Sweden,East
429,28-12-2023,CUST429,Male,64,Electronics,2,25,50,Hong Kong-China,West
430,07-08-2023,CUST430,Female,43,Electronics,3,300,900,Nice-France,North
431,15-10-2023,CUST431,Male,63,Electronics,4,300,1200,New York-USA,South
432,05-01-2023,CUST432,Female,60,Electronics,2,500,1000,Lund-Sweden,East
433,27-02-2023,CUST433,Male,29,Beauty,4,50,200,Hong Kong-China,West
434,08-02-2023,CUST434,Female,43,Electronics,2,25,50,Nice-France,North
435,20-12-2023,CUST435,Female,30,Beauty,3,300,900,Seattle-USA,South
436,18-03-2023,CUST436,Female,57,Clothing,4,30,120,Atlantic City-USA,East
437,07-10-2023,CUST437,Female,35,Electronics,4,300,1200,Los Angeles-USA,West
438,19-01-2023,CUST438,Female,42,Clothing,1,30,30,Lund-Sweden,North
439,09-07-2023,CUST439,Male,50,Clothing,3,25,75,Hong Kong-China,South
440,26-10-2023,CUST440,Male,64,Clothing,2,300,600,Nice-France,East
441,10-10-2023,CUST441,Male,57,Beauty,4,300,1200,Lund-Sweden,West
442,17-03-2023,CUST442,Female,60,Clothing,4,25,100,Hong Kong-China,North
443,09-08-2023,CUST443,Male,29,Clothing,2,300,600,Nice-France,South
444,07-03-2023,CUST444,Female,61,Clothing,3,30,90,Lund-Sweden,East
445,22-01-2023,CUST445,Female,53,Electronics,1,300,300,Hong Kong-China,West
446,07-06-2023,CUST446,Male,21,Electronics,1,50,50,Nice-France,North
447,06-07-2023,CUST447,Male,22,Beauty,4,500,2000,New York-USA,South
448,21-01-2023,CUST448,Female,54,Beauty,2,30,60,Lund-Sweden,East
449,03-07-2023,CUST449,Male,25,Electronics,4,50,200,Hong Kong-China,West
450,18-04-2023,CUST450,Female,59,Beauty,2,25,50,Nice-France,North
451,16-12-2023,CUST451,Female,45,Electronics,1,30,30,Seattle-USA,South
452,08-05-2023,CUST452,Female,48,Clothing,3,500,1500,Atlantic City-USA,East
453,08-12-2023,CUST453,Female,26,Clothing,2,500,1000,Los Angeles-USA,West
454,22-02-2023,CUST454,Female,46,Beauty,1,25,25,Lund-Sweden,North
455,01-07-2023,CUST455,Male,31,Electronics,4,25,100,Hong Kong-China,South
456,14-10-2023,CUST456,Male,57,Electronics,2,30,60,Nice-France,East
457,28-07-2023,CUST457,Female,58,Beauty,3,300,900,Lund-Sweden,West
458,14-11-2023,CUST458,Female,39,Electronics,4,25,100,Hong Kong-China,North
459,21-03-2023,CUST459,Male,28,Clothing,4,300,1200,Nice-France,South
460,02-05-2023,CUST460,Male,40,Beauty,1,50,50,Lund-Sweden,East
461,25-03-2023,CUST461,Female,18,Beauty,2,500,1000,Hong Kong-China,West
462,01-04-2023,CUST462,Male,63,Electronics,4,300,1200,Nice-France,North
463,31-07-2023,CUST463,Female,54,Beauty,3,500,1500,New York-USA,South
464,13-01-2023,CUST464,Male,38,Electronics,2,300,600,Lund-Sweden,East
465,02-04-2023,CUST465,Female,43,Electronics,3,50,150,Hong Kong-China,West
466,20-06-2023,CUST466,Male,63,Electronics,4,25,100,Nice-France,North
467,30-07-2023,CUST467,Female,53,Electronics,3,50,150,Seattle-USA,South
468,09-12-2023,CUST468,Male,40,Electronics,1,25,25,Atlantic City-USA,East
469,08-05-2023,CUST469,Male,18,Beauty,3,25,75,Los Angeles-USA,West
470,17-05-2023,CUST470,Female,57,Clothing,2,500,1000,Lund-Sweden,North
471,23-03-2023,CUST471,Male,32,Clothing,3,50,150,Hong Kong-China,South
472,26-12-2023,CUST472,Female,38,Beauty,3,300,900,Nice-France,East
473,25-02-2023,CUST473,Male,64,Beauty,1,50,50,Lund-Sweden,West
474,15-07-2023,CUST474,Female,26,Clothing,3,500,1500,Hong Kong-China,North
475,20-01-2023,CUST475,Male,26,Clothing,3,25,75,Nice-France,South
476,29-08-2023,CUST476,Female,27,Clothing,4,500,2000,Lund-Sweden,East
477,24-04-2023,CUST477,Male,43,Clothing,4,30,120,Hong Kong-China,West
478,13-04-2023,CUST478,Female,58,Clothing,2,30,60,Nice-France,North
479,24-08-2023,CUST479,Male,52,Electronics,4,300,1200,New York-USA,South
480,29-06-2023,CUST480,Female,42,Beauty,4,500,2000,Lund-Sweden,East
481,06-06-2023,CUST481,Female,43,Electronics,4,300,1200,Hong Kong-China,West
482,27-04-2023,CUST482,Female,28,Clothing,4,300,1200,Nice-France,North
483,25-04-2023,CUST483,Male,55,Clothing,1,30,30,Seattle-USA,South
484,13-01-2023,CUST484,Female,19,Clothing,4,300,1200,Atlantic City-USA,East
485,04-12-2023,CUST485,Male,24,Electronics,1,30,30,Los Angeles-USA,West
486,09-04-2023,CUST486,Female,35,Electronics,1,25,25,Lund-Sweden,North
487,24-07-2023,CUST487,Male,44,Clothing,4,500,2000,Hong Kong-China,South
488,18-06-2023,CUST488,Female,51,Electronics,3,300,900,Nice-France,East
489,23-05-2023,CUST489,Male,44,Electronics,1,30,30,Lund-Sweden,West
490,05-02-2023,CUST490,Male,34,Clothing,3,50,150,Hong Kong-China,North
491,23-05-2023,CUST491,Female,60,Electronics,3,300,900,Nice-France,South
492,29-06-2023,CUST492,Male,61,Beauty,4,25,100,Lund-Sweden,East
493,25-11-2023,CUST493,Male,41,Beauty,2,25,50,Hong Kong-China,West
494,18-09-2023,CUST494,Female,42,Beauty,4,50,200,Nice-France,North
495,24-07-2023,CUST495,Male,24,Beauty,2,30,60,New York-USA,South
496,14-12-2023,CUST496,Male,23,Clothing,2,300,600,Lund-Sweden,East
497,02-10-2023,CUST497,Male,41,Clothing,4,30,120,Hong Kong-China,West
498,19-06-2023,CUST498,Female,50,Clothing,4,25,100,Nice-France,North
499,15-01-2023,CUST499,Male,46,Beauty,2,30,60,Seattle-USA,South
500,01-03-2023,CUST500,Female,60,Beauty,4,25,100,Atlantic City-USA,East
501,14-05-2023,CUST501,Male,39,Electronics,2,30,60,Los Angeles-USA,West
502,02-04-2023,CUST502,Male,43,Electronics,3,50,150,Lund-Sweden,North
503,25-10-2023,CUST503,Male,45,Beauty,4,500,2000,Hong Kong-China,South
504,16-05-2023,CUST504,Female,38,Beauty,3,50,150,Nice-France,East
505,20-01-2023,CUST505,Male,24,Beauty,1,50,50,Lund-Sweden,West
506,25-02-2023,CUST506,Male,34,Beauty,3,500,1500,Hong Kong-China,North
507,02-11-2023,CUST507,Female,37,Electronics,3,500,1500,Nice-France,South
508,11-08-2023,CUST508,Male,58,Beauty,2,300,600,Lund-Sweden,East
509,26-06-2023,CUST509,Female,37,Electronics,3,300,900,Hong Kong-China,West
510,10-06-2023,CUST510,Female,39,Beauty,4,50,200,Nice-France,North
511,12-08-2023,CUST511,Male,45,Beauty,2,50,100,New York-USA,South
512,07-11-2023,CUST512,Female,57,Beauty,1,25,25,Lund-Sweden,East
513,19-09-2023,CUST513,Male,24,Electronics,4,25,100,Hong Kong-China,West
514,01-03-2023,CUST514,Female,18,Electronics,1,300,300,Nice-France,North
515,17-07-2023,CUST515,Female,49,Clothing,3,300,900,Seattle-USA,South
516,23-10-2023,CUST516,Male,30,Beauty,4,25,100,Atlantic City-USA,East
517,08-04-2023,CUST517,Female,47,Clothing,4,25,100,Los Angeles-USA,West
518,11-05-2023,CUST518,Female,40,Clothing,1,30,30,Lund-Sweden,North
519,23-01-2023,CUST519,Female,36,Electronics,4,30,120,Hong Kong-China,South
520,29-12-2023,CUST520,Female,49,Electronics,4,25,100,Nice-France,East
521,12-08-2023,CUST521,Female,47,Clothing,4,30,120,Lund-Sweden,West
522,01-01-2023,CUST522,Male,46,Beauty,3,500,1500,Hong Kong-China,North
523,24-09-2023,CUST523,Female,62,Electronics,1,300,300,Nice-France,South
524,03-10-2023,CUST524,Male,46,Beauty,4,300,1200,Lund-Sweden,East
525,18-12-2023,CUST525,Female,47,Beauty,2,25,50,Hong Kong-China,West
526,10-12-2023,CUST526,Male,33,Clothing,2,50,100,Nice-France,North
527,11-04-2023,CUST527,Male,57,Clothing,2,25,50,New York-USA,South
528,06-07-2023,CUST528,Female,36,Clothing,2,30,60,Lund-Sweden,East
529,09-08-2023,CUST529,Female,35,Clothing,3,50,150,Hong Kong-China,West
530,05-02-2023,CUST530,Female,18,Electronics,4,30,120,Nice-France,North
531,07-12-2023,CUST531,Male,31,Electronics,1,500,500,Seattle-USA,South
532,19-06-2023,CUST532,Female,64,Clothing,4,30,120,Atlantic City-USA,East
533,16-11-2023,CUST533,Male,19,Electronics,3,500,1500,Los Angeles-USA,West
534,10-06-2023,CUST534,Male,45,Clothing,2,500,1000,Lund-Sweden,North
535,06-12-2023,CUST535,Male,47,Beauty,3,30,90,Hong Kong-China,South
536,05-03-2023,CUST536,Female,55,Beauty,4,30,120,Nice-France,East
537,03-06-2023,CUST537,Female,21,Beauty,1,500,500,Lund-Sweden,West
538,17-09-2023,CUST538,Male,18,Clothing,3,50,150,Hong Kong-China,North
539,08-06-2023,CUST539,Male,25,Beauty,1,500,500,Nice-France,South
540,08-12-2023,CUST540,Female,46,Electronics,3,300,900,Lund-Sweden,East
541,29-07-2023,CUST541,Male,56,Beauty,1,500,500,Hong Kong-China,West
542,17-06-2023,CUST542,Female,20,Beauty,1,50,50,Nice-France,North
543,26-07-2023,CUST543,Male,49,Beauty,2,300,600,New York-USA,South
544,23-12-2023,CUST544,Female,27,Electronics,1,25,25,Lund-Sweden,East
545,01-06-2023,CUST545,Male,27,Clothing,2,25,50,Hong Kong-China,West
546,11-10-2023,CUST546,Female,36,Electronics,4,50,200,Nice-France,North
547,07-03-2023,CUST547,Male,63,Clothing,4,500,2000,Seattle-USA,South
548,09-04-2023,CUST548,Female,51,Clothing,2,30,60,Atlantic City-USA,East
549,04-08-2023,CUST549,Female,50,Beauty,2,50,100,Los Angeles-USA,West
550,07-12-2023,CUST550,Male,40,Clothing,3,300,900,Lund-Sweden,North
551,14-07-2023,CUST551,Male,45,Electronics,3,300,900,Hong Kong-China,South
552,13-12-2023,CUST552,Female,49,Electronics,3,25,75,Nice-France,East
553,31-03-2023,CUST553,Male,24,Clothing,4,300,1200,Lund-Sweden,West
554,12-11-2023,CUST554,Female,46,Beauty,3,50,150,Hong Kong-China,North
555,19-10-2023,CUST555,Male,25,Beauty,1,300,300,Nice-France,South
556,04-06-2023,CUST556,Female,18,Electronics,1,50,50,Lund-Sweden,East
557,27-07-2023,CUST557,Female,20,Beauty,3,30,90,Hong Kong-China,West
558,08-10-2023,CUST558,Female,41,Clothing,1,25,25,Nice-France,North
559,01-01-2023,CUST559,Female,40,Clothing,4,300,1200,New York-USA,South
560,05-06-2023,CUST560,Female,25,Electronics,1,50,50,Lund-Sweden,East
561,27-05-2023,CUST561,Female,64,Clothing,4,500,2000,Hong Kong-China,West
562,18-04-2023,CUST562,Male,54,Electronics,2,25,50,Nice-France,North
563,09-08-2023,CUST563,Male,20,Clothing,2,30,60,Seattle-USA,South
564,24-10-2023,CUST564,Male,50,Electronics,2,50,100,Atlantic City-USA,East
565,07-11-2023,CUST565,Female,45,Beauty,2,30,60,Los Angeles-USA,West
566,02-12-2023,CUST566,Female,64,Clothing,1,30,30,Lund-Sweden,North
567,14-06-2023,CUST567,Female,25,Clothing,3,300,900,Hong Kong-China,South
568,27-08-2023,CUST568,Female,51,Electronics,1,300,300,Nice-France,East
569,15-08-2023,CUST569,Male,52,Electronics,4,50,200,Lund-Sweden,West
570,15-08-2023,CUST570,Male,49,Clothing,1,500,500,Hong Kong-China,North
571,12-12-2023,CUST571,Female,41,Electronics,1,50,50,Nice-France,South
572,20-04-2023,CUST572,Male,31,Clothing,4,500,2000,Lund-Sweden,East
573,19-09-2023,CUST573,Male,49,Beauty,2,30,60,Hong Kong-China,West
574,31-08-2023,CUST574,Female,63,Electronics,2,25,50,Nice-France,North
575,28-03-2023,CUST575,Male,60,Clothing,2,50,100,New York-USA,South
576,04-12-2023,CUST576,Female,33,Beauty,3,50,150,Lund-Sweden,East
577,13-02-2023,CUST577,Male,21,Beauty,4,500,2000,Hong Kong-China,West
578,26-05-2023,CUST578,Female,54,Clothing,4,30,120,Nice-France,North
579,21-09-2023,CUST579,Female,38,Electronics,1,30,30,Seattle-USA,South
580,06-12-2023,CUST580,Female,31,Clothing,3,500,1500,Atlantic City-USA,East
581,21-11-2023,CUST581,Female,48,Beauty,2,30,60,Los Angeles-USA,West
582,14-11-2023,CUST582,Male,35,Clothing,3,300,900,Lund-Sweden,North
583,21-06-2023,CUST583,Female,24,Electronics,4,25,100,Hong Kong-China,South
584,17-02-2023,CUST584,Female,27,Beauty,4,50,200,Nice-France,East
585,01-05-2023,CUST585,Female,24,Clothing,1,25,25,Lund-Sweden,West
586,11-12-2023,CUST586,Male,50,Electronics,1,50,50,Hong Kong-China,North
587,08-06-2023,CUST587,Female,40,Beauty,4,300,1200,Nice-France,South
588,26-04-2023,CUST588,Male,38,Electronics,2,30,60,Lund-Sweden,East
589,12-04-2023,CUST589,Female,36,Beauty,2,500,1000,Hong Kong-China,West
590,17-03-2023,CUST590,Male,36,Clothing,3,300,900,Nice-France,North
591,13-01-2023,CUST591,Male,53,Electronics,4,25,100,New York-USA,South
592,24-01-2023,CUST592,Female,46,Beauty,4,500,2000,Lund-Sweden,East
593,06-05-2023,CUST593,Male,35,Electronics,2,30,60,Hong Kong-China,West
594,01-09-2023,CUST594,Female,19,Electronics,2,300,600,Nice-France,North
595,09-11-2023,CUST595,Female,18,Clothing,4,500,2000,Seattle-USA,South
596,07-02-2023,CUST596,Female,64,Electronics,1,300,300,Atlantic City-USA,East
597,22-08-2023,CUST597,Male,22,Beauty,4,300,1200,Los Angeles-USA,West
598,01-08-2023,CUST598,Male,37,Beauty,4,30,120,Lund-Sweden,North
599,19-11-2023,CUST599,Female,28,Beauty,2,50,100,Hong Kong-China,South
600,22-10-2023,CUST600,Female,59,Beauty,2,500,1000,Nice-France,East
601,10-04-2023,CUST601,Male,19,Clothing,1,30,30,Lund-Sweden,West
602,23-12-2023,CUST602,Female,20,Electronics,1,300,300,Hong Kong-China,North
603,16-07-2023,CUST603,Female,40,Clothing,3,30,90,Nice-France,South
604,11-09-2023,CUST604,Female,29,Electronics,4,50,200,Lund-Sweden,East
605,24-07-2023,CUST605,Male,37,Electronics,2,500,1000,Hong Kong-China,West
606,05-05-2023,CUST606,Male,22,Electronics,1,50,50,Nice-France,North
607,17-03-2023,CUST607,Male,54,Clothing,3,25,75,New York-USA,South
608,02-12-2023,CUST608,Female,55,Electronics,3,500,1500,Lund-Sweden,East
609,19-12-2023,CUST609,Female,47,Clothing,2,50,100,Hong Kong-China,West
610,03-01-2023,CUST610,Female,26,Beauty,2,300,600,Nice-France,North
611,24-02-2023,CUST611,Male,51,Beauty,3,500,1500,Seattle-USA,South
612,06-08-2023,CUST612,Female,61,Electronics,1,500,500,Atlantic City-USA,East
613,23-04-2023,CUST613,Female,52,Clothing,3,30,90,Los Angeles-USA,West
614,01-04-2023,CUST614,Female,39,Beauty,4,300,1200,Lund-Sweden,North
615,23-12-2023,CUST615,Female,61,Clothing,4,25,100,Hong Kong-China,South
616,23-09-2023,CUST616,Male,41,Clothing,2,50,100,Nice-France,East
617,26-08-2023,CUST617,Male,34,Electronics,1,30,30,Lund-Sweden,West
618,26-01-2023,CUST618,Female,27,Beauty,1,50,50,Hong Kong-China,North
619,13-10-2023,CUST619,Male,47,Electronics,4,25,100,Nice-France,South
620,08-05-2023,CUST620,Male,63,Electronics,3,25,75,Lund-Sweden,East
621,04-03-2023,CUST621,Female,40,Beauty,2,500,1000,Hong Kong-China,West
622,22-08-2023,CUST622,Female,49,Beauty,3,25,75,Nice-France,North
623,10-03-2023,CUST623,Male,34,Clothing,3,50,150,New York-USA,South
624,26-08-2023,CUST624,Female,34,Beauty,3,300,900,Lund-Sweden,East
625,08-12-2023,CUST625,Male,31,Clothing,1,300,300,Hong Kong-China,West
626,29-09-2023,CUST626,Female,26,Clothing,4,500,2000,Nice-France,North
627,14-10-2023,CUST627,Male,57,Clothing,1,50,50,Seattle-USA,South
628,01-11-2023,CUST628,Female,19,Beauty,4,50,200,Atlantic City-USA,East
629,12-06-2023,CUST629,Male,62,Electronics,2,25,50,Los Angeles-USA,West
630,15-08-2023,CUST630,Male,42,Clothing,2,50,100,Lund-Sweden,North
631,10-11-2023,CUST631,Male,56,Electronics,3,30,90,Hong Kong-China,South
632,16-09-2023,CUST632,Female,26,Electronics,4,25,100,Nice-France,East
633,07-08-2023,CUST633,Male,39,Beauty,4,30,120,Lund-Sweden,West
634,08-10-2023,CUST634,Male,60,Electronics,4,500,2000,Hong Kong-China,North
635,17-08-2023,CUST635,Female,63,Electronics,3,300,900,Nice-France,South
636,23-03-2023,CUST636,Female,21,Beauty,3,500,1500,Lund-Sweden,East
637,01-09-2023,CUST637,Male,43,Clothing,2,300,600,Hong Kong-China,West
638,19-08-2023,CUST638,Male,46,Electronics,1,500,500,Nice-France,North
639,13-05-2023,CUST639,Female,62,Beauty,4,50,200,New York-USA,South
640,07-05-2023,CUST640,Female,51,Electronics,4,30,120,Lund-Sweden,East
641,23-11-2023,CUST641,Female,40,Electronics,1,300,300,Hong Kong-China,West
642,22-05-2023,CUST642,Female,54,Clothing,4,25,100,Nice-France,North
643,24-09-2023,CUST643,Female,28,Electronics,3,30,90,Seattle-USA,South
644,06-09-2023,CUST644,Male,23,Beauty,3,25,75,Atlantic City-USA,East
645,17-11-2023,CUST645,Female,35,Electronics,4,30,120,Los Angeles-USA,West
646,03-05-2023,CUST646,Male,38,Clothing,3,30,90,Lund-Sweden,North
647,21-05-2023,CUST647,Male,59,Clothing,3,500,1500,Hong Kong-China,South
648,14-08-2023,CUST648,Male,53,Beauty,4,300,1200,Nice-France,East
649,09-02-2023,CUST649,Female,58,Clothing,2,300,600,Lund-Sweden,West
650,01-01-2024,CUST650,Male,55,Electronics,1,30,30,Hong Kong-China,North
651,27-05-2023,CUST651,Male,51,Clothing,3,50,150,Nice-France,South
652,01-05-2023,CUST652,Female,34,Beauty,2,50,100,Lund-Sweden,East
653,20-05-2023,CUST653,Male,54,Clothing,3,25,75,Hong Kong-China,West
654,21-06-2023,CUST654,Male,42,Clothing,3,25,75,Nice-France,North
655,13-06-2023,CUST655,Female,55,Clothing,1,500,500,New York-USA,South
656,04-10-2023,CUST656,Male,29,Beauty,3,30,90,Lund-Sweden,East
657,11-02-2023,CUST657,Male,40,Clothing,1,25,25,Hong Kong-China,West
658,12-03-2023,CUST658,Male,59,Clothing,1,25,25,Nice-France,North
659,19-03-2023,CUST659,Female,39,Electronics,1,30,30,Seattle-USA,South
660,29-04-2023,CUST660,Female,38,Beauty,2,500,1000,Atlantic City-USA,East
661,16-07-2023,CUST661,Female,44,Clothing,4,25,100,Los Angeles-USA,West
662,22-12-2023,CUST662,Male,48,Beauty,2,500,1000,Lund-Sweden,North
663,20-03-2023,CUST663,Male,23,Clothing,4,300,1200,Hong Kong-China,South
664,28-12-2023,CUST664,Female,44,Clothing,4,500,2000,Nice-France,East
665,20-04-2023,CUST665,Male,57,Clothing,1,50,50,Lund-Sweden,West
666,02-02-2023,CUST666,Male,51,Electronics,3,50,150,Hong Kong-China,North
667,01-08-2023,CUST667,Female,29,Electronics,1,500,500,Nice-France,South
668,28-07-2023,CUST668,Female,62,Electronics,3,50,150,Lund-Sweden,East
669,19-06-2023,CUST669,Male,24,Beauty,4,300,1200,Hong Kong-China,West
670,05-10-2023,CUST670,Male,27,Beauty,1,30,30,Nice-France,North
671,27-08-2023,CUST671,Male,62,Electronics,3,50,150,New York-USA,South
672,01-08-2023,CUST672,Female,34,Beauty,2,50,100,Lund-Sweden,East
673,01-02-2023,CUST673,Female,43,Clothing,3,500,1500,Hong Kong-China,West
674,16-04-2023,CUST674,Female,38,Clothing,1,300,300,Nice-France,North
675,04-08-2023,CUST675,Female,45,Clothing,2,30,60,Seattle-USA,South
676,19-07-2023,CUST676,Male,63,Electronics,3,500,1500,Atlantic City-USA,East
677,27-10-2023,CUST677,Female,19,Beauty,3,500,1500,Los Angeles-USA,West
678,23-12-2023,CUST678,Female,60,Electronics,3,300,900,Lund-Sweden,North
679,11-01-2023,CUST679,Female,18,Beauty,3,30,90,Hong Kong-China,South
680,22-10-2023,CUST680,Female,53,Clothing,3,300,900,Nice-France,East
681,14-07-2023,CUST681,Female,43,Electronics,2,30,60,Lund-Sweden,West
682,02-09-2023,CUST682,Male,46,Beauty,4,300,1200,Hong Kong-China,North
683,04-01-2023,CUST683,Male,38,Beauty,2,500,1000,Nice-France,South
684,30-06-2023,CUST081,Female,28,Clothing,2,500,1000,Lund-Sweden,East
685,02-06-2023,CUST082,Male,57,Electronics,2,25,50,Hong Kong-China,West
686,19-07-2023,CUST083,Female,28,Electronics,4,50,200,Nice-France,North
687,03-08-2023,CUST084,Female,53,Electronics,1,300,300,New York-USA,South
688,03-10-2023,CUST085,Male,56,Clothing,4,25,100,Lund-Sweden,East
689,07-10-2023,CUST086,Male,57,Electronics,2,50,100,Hong Kong-China,West
690,05-11-2023,CUST087,Female,52,Clothing,3,300,900,Nice-France,North
691,23-04-2023,CUST088,Female,51,Clothing,3,30,90,Seattle-USA,South
692,07-09-2023,CUST089,Female,64,Clothing,2,50,100,Atlantic City-USA,East
693,23-04-2023,CUST090,Male,41,Beauty,3,500,1500,Los Angeles-USA,West
694,20-05-2023,CUST091,Female,39,Electronics,2,25,50,Lund-Sweden,North
695,12-08-2023,CUST092,Female,22,Electronics,3,50,150,Hong Kong-China,South
696,06-09-2023,CUST093,Female,50,Clothing,4,50,200,Nice-France,East
697,15-01-2023,CUST094,Male,53,Clothing,1,500,500,Lund-Sweden,West
698,19-07-2023,CUST095,Female,64,Electronics,1,300,300,Hong Kong-China,North
699,22-06-2023,CUST096,Female,37,Clothing,4,30,120,Nice-France,South
700,09-12-2023,CUST097,Male,36,Electronics,4,500,2000,Lund-Sweden,East
701,14-12-2023,CUST098,Female,52,Beauty,2,30,60,Hong Kong-China,West
702,27-07-2023,CUST099,Female,60,Clothing,2,300,600,Nice-France,North
703,26-03-2023,CUST100,Male,34,Electronics,2,50,100,New York-USA,South
704,28-08-2023,CUST101,Female,62,Clothing,3,30,90,Lund-Sweden,East
705,07-03-2023,CUST102,Male,60,Electronics,2,25,50,Hong Kong-China,West
706,15-11-2023,CUST103,Male,51,Electronics,4,25,100,Nice-France,North
707,01-10-2023,CUST104,Female,26,Clothing,1,500,500,Seattle-USA,South
708,14-01-2023,CUST105,Female,43,Beauty,3,300,900,Atlantic City-USA,East
709,21-07-2023,CUST106,Female,19,Electronics,2,500,1000,Los Angeles-USA,West
710,31-10-2023,CUST107,Female,26,Electronics,3,500,1500,Lund-Sweden,North
711,16-10-2023,CUST108,Male,26,Electronics,3,500,1500,Hong Kong-China,South
712,06-12-2023,CUST109,Female,57,Beauty,2,25,50,Nice-France,East
713,14-01-2023,CUST110,Male,34,Beauty,3,25,75,Lund-Sweden,West
714,12-02-2023,CUST111,Female,18,Clothing,1,500,500,Hong Kong-China,North
715,26-11-2023,CUST112,Female,42,Beauty,4,25,100,Nice-France,South
716,08-08-2023,CUST113,Female,60,Clothing,4,300,1200,Lund-Sweden,East
717,11-03-2023,CUST114,Male,57,Clothing,1,500,500,Hong Kong-China,West
718,25-08-2023,CUST115,Female,59,Beauty,3,25,75,Nice-France,North
719,04-04-2023,CUST116,Female,42,Clothing,2,30,60,New York-USA,South
720,26-01-2023,CUST117,Female,56,Beauty,3,500,1500,Lund-Sweden,East
721,14-05-2023,CUST118,Female,52,Clothing,1,500,500,Hong Kong-China,West
722,14-07-2023,CUST119,Male,20,Beauty,3,300,900,Nice-France,North
723,17-06-2023,CUST120,Female,54,Beauty,4,50,200,Seattle-USA,South
724,19-04-2023,CUST121,Male,61,Clothing,3,50,150,Atlantic City-USA,East
725,21-08-2023,CUST122,Male,61,Electronics,1,300,300,Los Angeles-USA,West
726,17-06-2023,CUST123,Male,47,Clothing,4,300,1200,Lund-Sweden,North
727,22-06-2023,CUST124,Male,55,Beauty,3,300,900,Hong Kong-China,South
728,14-07-2023,CUST125,Male,51,Electronics,3,50,150,Nice-France,East
729,23-05-2023,CUST126,Male,29,Clothing,4,300,1200,Lund-Sweden,West
730,04-08-2023,CUST127,Female,36,Clothing,2,25,50,Hong Kong-China,North
731,10-05-2023,CUST128,Male,54,Clothing,4,500,2000,Nice-France,South
732,11-02-2023,CUST129,Male,61,Electronics,2,500,1000,Lund-Sweden,East
733,29-08-2023,CUST130,Male,34,Beauty,1,30,30,Hong Kong-China,West
734,10-01-2023,CUST131,Female,27,Clothing,1,30,30,Nice-France,North
735,04-10-2023,CUST132,Female,64,Clothing,4,500,2000,New York-USA,South
736,27-01-2023,CUST133,Male,29,Clothing,4,25,100,Lund-Sweden,East
737,29-06-2023,CUST134,Female,33,Clothing,1,50,50,Hong Kong-China,West
738,25-04-2023,CUST135,Male,41,Clothing,2,50,100,Nice-France,North
739,29-11-2023,CUST136,Male,36,Beauty,1,25,25,Seattle-USA,South
740,05-02-2023,CUST137,Female,25,Beauty,4,50,200,Atlantic City-USA,East
741,30-11-2023,CUST138,Male,48,Clothing,1,300,300,Los Angeles-USA,West
742,21-01-2023,CUST139,Female,38,Electronics,4,500,2000,Lund-Sweden,North
743,16-01-2023,CUST140,Female,34,Beauty,4,500,2000,Hong Kong-China,South
744,07-05-2023,CUST141,Male,40,Electronics,1,25,25,Nice-France,East
745,13-04-2023,CUST142,Male,54,Beauty,2,50,100,Lund-Sweden,West
746,11-01-2023,CUST143,Female,33,Clothing,3,30,90,Hong Kong-China,North
747,15-11-2023,CUST144,Male,23,Beauty,1,30,30,Nice-France,South
748,20-03-2023,CUST145,Male,25,Clothing,3,50,150,Lund-Sweden,East
749,03-05-2023,CUST146,Male,42,Beauty,1,30,30,Hong Kong-China,West
750,06-03-2023,CUST147,Female,35,Clothing,3,25,75,Nice-France,North
751,31-08-2023,CUST148,Female,42,Clothing,2,25,50,New York-USA,South
752,09-12-2023,CUST149,Male,29,Clothing,2,50,100,Lund-Sweden,East
753,28-02-2023,CUST150,Female,32,Clothing,1,30,30,Hong Kong-China,West
754,16-10-2023,CUST151,Female,43,Electronics,4,25,100,Nice-France,North
755,22-04-2023,CUST152,Female,58,Clothing,3,25,75,Seattle-USA,South
756,27-08-2023,CUST153,Female,62,Electronics,4,300,1200,Atlantic City-USA,East
757,25-12-2023,CUST154,Female,43,Electronics,4,300,1200,Los Angeles-USA,West
758,12-05-2023,CUST155,Male,64,Clothing,4,25,100,Lund-Sweden,North
759,08-07-2023,CUST156,Male,49,Electronics,2,50,100,Hong Kong-China,South
760,27-03-2023,CUST157,Male,27,Beauty,1,500,500,Nice-France,East
761,07-11-2023,CUST158,Female,33,Clothing,1,500,500,Lund-Sweden,West
762,07-11-2023,CUST159,Female,24,Electronics,2,25,50,Hong Kong-China,North
763,28-02-2023,CUST160,Male,34,Clothing,2,25,50,Nice-France,South
764,25-03-2023,CUST161,Female,40,Clothing,1,25,25,Lund-Sweden,East
765,09-06-2023,CUST162,Male,43,Clothing,4,50,200,Hong Kong-China,West
766,25-02-2023,CUST163,Male,38,Electronics,3,300,900,Nice-France,North
767,24-10-2023,CUST164,Male,39,Beauty,3,25,75,New York-USA,South
768,14-01-2023,CUST165,Female,24,Beauty,3,25,75,Lund-Sweden,East
769,09-06-2023,CUST166,Female,31,Electronics,4,30,120,Hong Kong-China,West
770,22-10-2023,CUST167,Male,32,Clothing,1,50,50,Nice-France,North
771,13-12-2023,CUST168,Male,24,Electronics,2,25,50,Seattle-USA,South
772,12-07-2023,CUST169,Male,26,Electronics,1,30,30,Atlantic City-USA,East
773,23-07-2023,CUST170,Male,25,Electronics,4,500,2000,Los Angeles-USA,West
774,12-04-2023,CUST171,Female,40,Clothing,2,25,50,Lund-Sweden,North
775,08-02-2023,CUST172,Female,46,Electronics,4,25,100,Hong Kong-China,South
776,31-10-2023,CUST173,Male,35,Clothing,3,30,90,Nice-France,East
777,20-12-2023,CUST174,Male,48,Electronics,3,50,150,Lund-Sweden,West
778,18-11-2023,CUST175,Female,47,Beauty,4,25,100,Hong Kong-China,North
779,05-05-2023,CUST176,Female,56,Electronics,2,500,1000,Nice-France,South
780,22-02-2023,CUST177,Male,52,Electronics,2,25,50,Lund-Sweden,East
781,23-12-2023,CUST178,Male,35,Beauty,1,500,500,Hong Kong-China,West
782,04-06-2023,CUST179,Male,59,Clothing,3,300,900,Nice-France,North
783,17-12-2023,CUST180,Female,56,Clothing,1,300,300,New York-USA,South
784,04-11-2023,CUST181,Female,34,Electronics,1,500,500,Lund-Sweden,East
785,03-03-2023,CUST182,Female,31,Beauty,4,50,200,Hong Kong-China,West
786,17-10-2023,CUST183,Male,48,Clothing,4,25,100,Nice-France,North
787,22-01-2023,CUST184,Male,41,Electronics,1,25,25,Seattle-USA,South
788,27-06-2023,CUST185,Female,52,Beauty,3,300,900,Atlantic City-USA,East
789,30-09-2023,CUST186,Female,61,Clothing,4,500,2000,Los Angeles-USA,West
790,08-08-2023,CUST187,Male,62,Clothing,1,25,25,Lund-Sweden,North
791,05-12-2023,CUST188,Female,51,Beauty,1,25,25,Hong Kong-China,South
792,09-07-2023,CUST189,Female,20,Beauty,1,50,50,Nice-France,East
793,05-02-2023,CUST190,Male,54,Beauty,1,30,30,Lund-Sweden,West
794,17-09-2023,CUST191,Female,60,Beauty,1,300,300,Hong Kong-China,North
795,28-11-2023,CUST192,Male,57,Electronics,1,300,300,Nice-France,South
796,24-06-2023,CUST193,Male,43,Beauty,4,30,120,Lund-Sweden,East
797,07-01-2023,CUST194,Male,40,Clothing,3,25,75,Hong Kong-China,West
798,04-08-2023,CUST195,Male,61,Clothing,1,50,50,Nice-France,North
799,08-09-2023,CUST196,Male,56,Electronics,2,50,100,New York-USA,South
800,24-02-2023,CUST197,Male,32,Clothing,4,300,1200,Lund-Sweden,East
801,10-08-2023,CUST198,Male,21,Clothing,4,50,200,Hong Kong-China,West
802,05-07-2023,CUST199,Female,46,Beauty,1,30,30,Nice-France,North
803,22-11-2023,CUST200,Male,39,Clothing,4,25,100,Seattle-USA,South
804,24-08-2023,CUST201,Male,42,Electronics,1,30,30,Atlantic City-USA,East
805,29-12-2023,CUST202,Female,30,Beauty,3,500,1500,Los Angeles-USA,West
806,20-03-2023,CUST203,Female,35,Beauty,3,300,900,Lund-Sweden,North
807,11-08-2023,CUST204,Female,50,Electronics,4,50,200,Hong Kong-China,South
808,01-04-2023,CUST205,Male,33,Beauty,4,500,2000,Nice-France,East
809,25-09-2023,CUST206,Female,62,Beauty,2,50,100,Lund-Sweden,West
810,30-11-2023,CUST207,Male,59,Electronics,4,25,100,Hong Kong-China,North
811,19-05-2023,CUST208,Male,61,Beauty,2,25,50,Nice-France,South
812,12-11-2023,CUST209,Male,19,Electronics,3,25,75,Lund-Sweden,East
813,03-10-2023,CUST210,Male,52,Electronics,3,50,150,Hong Kong-China,West
814,05-09-2023,CUST211,Female,59,Clothing,1,500,500,Nice-France,North
815,27-08-2023,CUST212,Female,51,Clothing,3,25,75,New York-USA,South
816,12-08-2023,CUST213,Male,47,Beauty,2,500,1000,Lund-Sweden,East
817,31-10-2023,CUST214,Male,30,Beauty,4,50,200,Hong Kong-China,West
818,18-05-2023,CUST215,Male,30,Electronics,1,500,500,Nice-France,North
819,15-06-2023,CUST216,Female,35,Beauty,2,50,100,Seattle-USA,South
820,06-05-2023,CUST217,Male,49,Electronics,4,50,200,Atlantic City-USA,East
821,14-02-2023,CUST218,Male,49,Electronics,1,300,300,Los Angeles-USA,West
822,23-05-2023,CUST219,Female,52,Beauty,3,50,150,Lund-Sweden,North
823,19-08-2023,CUST220,Female,56,Electronics,2,50,100,Hong Kong-China,South
824,05-05-2023,CUST221,Male,63,Clothing,4,30,120,Nice-France,East
825,26-08-2023,CUST222,Female,46,Beauty,1,25,25,Lund-Sweden,West
826,19-10-2023,CUST223,Female,46,Clothing,1,300,300,Hong Kong-China,North
827,09-11-2023,CUST224,Male,61,Beauty,3,300,900,Nice-France,South
828,09-12-2023,CUST225,Female,33,Electronics,4,300,1200,Lund-Sweden,East
829,14-07-2023,CUST226,Male,61,Beauty,3,30,90,Hong Kong-China,West
830,22-06-2023,CUST227,Female,64,Clothing,3,50,150,Nice-France,North
831,15-01-2023,CUST228,Male,27,Electronics,4,25,100,New York-USA,South
832,11-09-2023,CUST229,Male,47,Beauty,4,500,2000,Lund-Sweden,East
833,16-06-2023,CUST230,Male,42,Beauty,4,50,200,Hong Kong-China,West
834,04-04-2023,CUST231,Female,56,Beauty,2,30,60,Nice-France,North
835,07-09-2023,CUST232,Male,37,Clothing,4,50,200,Seattle-USA,South
836,19-04-2023,CUST233,Female,22,Clothing,1,50,50,Atlantic City-USA,East
837,01-07-2023,CUST234,Male,18,Beauty,3,30,90,Los Angeles-USA,West
838,13-05-2023,CUST235,Male,47,Electronics,2,300,600,Lund-Sweden,North
839,24-06-2023,CUST236,Female,20,Electronics,4,300,1200,Hong Kong-China,South
840,24-05-2023,CUST237,Male,62,Clothing,2,25,50,Nice-France,East
841,02-11-2023,CUST238,Male,31,Electronics,4,25,100,Lund-Sweden,West
842,26-12-2023,CUST239,Female,47,Clothing,2,300,600,Hong Kong-China,North
843,22-05-2023,CUST240,Male,21,Beauty,3,500,1500,Nice-France,South
844,12-10-2023,CUST241,Male,35,Clothing,3,50,150,Lund-Sweden,East
845,06-01-2023,CUST242,Male,54,Clothing,1,500,500,Hong Kong-China,West
846,22-09-2023,CUST243,Male,42,Beauty,1,50,50,Nice-France,North
847,08-04-2023,CUST244,Female,18,Electronics,4,300,1200,New York-USA,South
848,13-02-2023,CUST245,Female,63,Clothing,3,25,75,Lund-Sweden,East
849,04-05-2023,CUST246,Male,32,Clothing,2,25,50,Hong Kong-China,West
850,28-07-2023,CUST247,Female,26,Beauty,2,500,1000,Nice-France,North
851,08-09-2023,CUST248,Male,32,Electronics,2,25,50,Seattle-USA,South
852,12-10-2023,CUST249,Female,41,Clothing,1,300,300,Atlantic City-USA,East
853,04-05-2023,CUST250,Male,21,Beauty,2,500,1000,Los Angeles-USA,West
854,20-12-2023,CUST251,Male,29,Clothing,1,50,50,Lund-Sweden,North
855,01-09-2023,CUST252,Male,54,Beauty,1,25,25,Hong Kong-China,South
856,27-11-2023,CUST253,Male,54,Electronics,4,30,120,Nice-France,East
857,31-12-2023,CUST254,Male,60,Electronics,2,25,50,Lund-Sweden,West
858,09-09-2023,CUST255,Male,23,Electronics,2,50,100,Hong Kong-China,North
859,18-08-2023,CUST256,Female,56,Electronics,3,500,1500,Nice-France,South
860,09-01-2023,CUST257,Male,63,Clothing,4,50,200,Lund-Sweden,East
861,17-02-2023,CUST258,Female,41,Clothing,3,30,90,Hong Kong-China,West
862,31-05-2023,CUST259,Male,28,Electronics,4,300,1200,Nice-France,North
863,24-04-2023,CUST260,Female,30,Electronics,2,25,50,New York-USA,South
864,27-07-2023,CUST261,Female,51,Electronics,1,500,500,Lund-Sweden,East
865,21-12-2023,CUST262,Female,42,Clothing,1,300,300,Hong Kong-China,West
866,05-05-2023,CUST263,Male,24,Electronics,1,50,50,Nice-France,North
867,06-06-2023,CUST264,Male,21,Electronics,1,500,500,Seattle-USA,South
868,06-12-2023,CUST265,Female,25,Electronics,1,300,300,Atlantic City-USA,East
869,25-10-2023,CUST266,Male,37,Beauty,3,500,1500,Los Angeles-USA,West
870,08-07-2023,CUST267,Female,46,Electronics,4,30,120,Lund-Sweden,North
871,31-08-2023,CUST268,Male,62,Beauty,2,30,60,Hong Kong-China,South
872,11-10-2023,CUST269,Female,63,Beauty,3,25,75,Nice-France,East
873,29-09-2023,CUST270,Female,27,Electronics,4,25,100,Lund-Sweden,West
874,26-06-2023,CUST271,Male,60,Beauty,1,30,30,Hong Kong-China,North
875,06-08-2023,CUST272,Female,51,Electronics,4,500,2000,Nice-France,South
876,09-10-2023,CUST273,Male,43,Clothing,4,30,120,Lund-Sweden,East
877,19-06-2023,CUST274,Female,58,Clothing,1,25,25,Hong Kong-China,West
878,30-06-2023,CUST275,Female,20,Clothing,1,30,30,Nice-France,North
879,26-12-2023,CUST276,Male,23,Clothing,1,30,30,New York-USA,South
880,21-08-2023,CUST277,Male,22,Beauty,2,500,1000,Lund-Sweden,East
881,19-05-2023,CUST278,Male,22,Electronics,1,300,300,Hong Kong-China,West
882,06-06-2023,CUST279,Female,64,Electronics,2,25,50,Nice-France,North
883,09-05-2023,CUST280,Male,40,Electronics,1,500,500,Seattle-USA,South
884,29-04-2023,CUST281,Female,26,Clothing,2,30,60,Atlantic City-USA,East
885,03-03-2023,CUST282,Female,52,Clothing,4,30,120,Los Angeles-USA,West
886,09-04-2023,CUST283,Male,37,Electronics,3,300,900,Lund-Sweden,North
887,11-06-2023,CUST284,Male,59,Clothing,4,25,100,Hong Kong-China,South
888,03-03-2023,CUST285,Female,52,Electronics,4,25,100,Nice-France,East
889,02-10-2023,CUST286,Female,35,Electronics,1,50,50,Lund-Sweden,West
890,20-12-2023,CUST287,Male,34,Electronics,2,25,50,Hong Kong-China,North
891,05-04-2023,CUST288,Male,41,Electronics,3,300,900,Nice-France,South
892,09-04-2023,CUST289,Male,20,Electronics,1,50,50,Lund-Sweden,East
893,21-04-2023,CUST290,Male,49,Electronics,1,50,50,Hong Kong-China,West
894,05-09-2023,CUST291,Male,52,Electronics,1,30,30,Nice-France,North
895,22-05-2023,CUST292,Female,55,Clothing,4,30,120,New York-USA,South
896,29-10-2023,CUST293,Female,30,Electronics,2,25,50,Lund-Sweden,East
897,26-09-2023,CUST294,Female,64,Electronics,2,50,100,Hong Kong-China,West
898,02-11-2023,CUST295,Female,42,Clothing,3,30,90,Nice-France,North
899,25-05-2023,CUST296,Male,26,Clothing,2,300,600,Seattle-USA,South
900,21-02-2023,CUST297,Male,21,Clothing,2,30,60,Atlantic City-USA,East
901,10-04-2023,CUST298,Male,31,Electronics,1,30,30,Los Angeles-USA,West
902,01-06-2023,CUST299,Female,54,Beauty,1,50,50,Lund-Sweden,North
903,27-04-2023,CUST300,Female,51,Beauty,4,50,200,Hong Kong-China,South
904,04-07-2023,CUST301,Male,28,Clothing,1,500,500,Nice-France,East
905,02-04-2023,CUST302,Male,58,Beauty,1,300,300,Lund-Sweden,West
906,04-06-2023,CUST303,Female,20,Clothing,1,50,50,Hong Kong-China,North
907,08-01-2023,CUST304,Female,45,Electronics,1,25,25,Nice-France,South
908,29-12-2023,CUST305,Male,46,Beauty,4,300,1200,Lund-Sweden,East
909,01-10-2023,CUST306,Male,26,Electronics,1,300,300,Hong Kong-China,West
910,06-03-2023,CUST307,Female,20,Beauty,3,50,150,Nice-France,North
911,21-05-2023,CUST308,Male,42,Electronics,3,300,900,New York-USA,South
912,24-01-2023,CUST309,Male,51,Beauty,3,50,150,Lund-Sweden,East
913,28-01-2023,CUST310,Male,29,Electronics,3,30,90,Hong Kong-China,West
914,11-10-2023,CUST311,Female,59,Electronics,1,500,500,Nice-France,North
915,30-05-2023,CUST312,Female,26,Beauty,3,30,90,Seattle-USA,South
916,24-12-2023,CUST313,Female,32,Electronics,1,50,50,Atlantic City-USA,East
917,06-03-2023,CUST314,Female,57,Electronics,4,50,200,Los Angeles-USA,West
918,23-11-2023,CUST315,Female,42,Electronics,3,30,90,Lund-Sweden,North
919,09-09-2023,CUST316,Female,22,Beauty,2,25,50,Hong Kong-China,South
920,22-02-2023,CUST317,Female,28,Beauty,3,25,75,Nice-France,East
921,07-01-2023,CUST318,Male,51,Electronics,3,25,75,Lund-Sweden,West
922,21-10-2023,CUST319,Male,41,Electronics,1,50,50,Hong Kong-China,North
923,26-05-2023,CUST320,Male,32,Beauty,3,300,900,Nice-France,South
924,29-08-2023,CUST321,Male,55,Beauty,2,50,100,Lund-Sweden,East
925,03-09-2023,CUST322,Male,25,Electronics,1,300,300,Hong Kong-China,West
926,14-08-2023,CUST323,Male,22,Electronics,1,30,30,Nice-France,North
927,24-06-2023,CUST324,Male,43,Electronics,4,500,2000,New York-USA,South
928,05-04-2023,CUST325,Female,35,Clothing,4,300,1200,Lund-Sweden,East
929,27-01-2023,CUST326,Female,23,Beauty,3,25,75,Hong Kong-China,West
930,10-05-2023,CUST327,Male,54,Clothing,4,50,200,Nice-France,North
931,02-09-2023,CUST328,Male,30,Beauty,4,30,120,Seattle-USA,South
932,28-02-2023,CUST329,Female,45,Beauty,4,25,100,Atlantic City-USA,East
933,03-02-2023,CUST330,Male,22,Beauty,1,30,30,Los Angeles-USA,West
934,25-07-2023,CUST331,Male,30,Beauty,1,500,500,Lund-Sweden,North
935,09-09-2023,CUST332,Female,34,Beauty,1,50,50,Hong Kong-China,South
936,07-02-2023,CUST333,Male,57,Beauty,4,50,200,Nice-France,East
937,23-10-2023,CUST334,Female,62,Beauty,1,500,500,Lund-Sweden,West
938,19-11-2023,CUST335,Male,49,Clothing,4,50,200,Hong Kong-China,North
939,18-12-2023,CUST336,Female,46,Electronics,1,300,300,Nice-France,South
940,28-01-2023,CUST337,Female,20,Electronics,1,30,30,Lund-Sweden,East
941,19-03-2023,CUST338,Female,57,Clothing,2,25,50,Hong Kong-China,West
942,18-03-2023,CUST339,Male,51,Clothing,3,500,1500,Nice-France,North
943,16-10-2023,CUST340,Female,57,Clothing,4,300,1200,New York-USA,South
944,05-06-2023,CUST341,Male,44,Clothing,2,25,50,Lund-Sweden,East
945,13-02-2023,CUST342,Male,30,Beauty,1,25,25,Hong Kong-China,West
946,08-05-2023,CUST343,Male,62,Electronics,4,500,2000,Nice-France,North
947,02-03-2023,CUST344,Male,50,Beauty,1,300,300,Seattle-USA,South
948,13-10-2023,CUST345,Female,23,Electronics,3,25,75,Atlantic City-USA,East
949,02-08-2023,CUST346,Female,41,Electronics,2,25,50,Los Angeles-USA,West
950,07-11-2023,CUST347,Male,36,Clothing,3,300,900,Lund-Sweden,North
951,02-11-2023,CUST348,Male,33,Beauty,2,50,100,Hong Kong-China,South
952,13-11-2023,CUST349,Female,57,Clothing,1,25,25,Nice-France,East
953,26-04-2023,CUST350,Male,45,Beauty,3,30,90,Lund-Sweden,West
954,25-09-2023,CUST351,Female,50,Electronics,3,300,900,Hong Kong-China,North
955,14-07-2023,CUST352,Male,58,Clothing,1,25,25,Nice-France,South
956,19-08-2023,CUST353,Male,30,Clothing,3,500,1500,Lund-Sweden,East
957,15-08-2023,CUST354,Female,60,Electronics,4,30,120,Hong Kong-China,West
958,02-06-2023,CUST355,Male,62,Electronics,2,25,50,Nice-France,North
959,29-10-2023,CUST356,Female,42,Electronics,2,30,60,New York-USA,South
960,08-08-2023,CUST357,Male,59,Clothing,2,30,60,Lund-Sweden,East
961,06-06-2023,CUST358,Male,53,Beauty,4,50,200,Hong Kong-China,West
962,19-10-2023,CUST359,Male,44,Clothing,2,30,60,Nice-France,North
963,14-11-2023,CUST360,Female,55,Beauty,1,50,50,Seattle-USA,South
964,31-01-2023,CUST361,Male,24,Clothing,3,300,900,Atlantic City-USA,East
965,09-11-2023,CUST362,Male,22,Clothing,4,50,200,Los Angeles-USA,West
966,20-02-2023,CUST363,Male,60,Electronics,2,500,1000,Lund-Sweden,North
967,17-04-2023,CUST364,Male,62,Beauty,1,25,25,Hong Kong-China,South
968,17-11-2023,CUST365,Female,48,Clothing,3,300,900,Nice-France,East
969,19-04-2023,CUST366,Female,40,Clothing,3,300,900,Lund-Sweden,West
970,16-05-2023,CUST367,Male,59,Electronics,4,500,2000,Hong Kong-China,North
971,05-12-2023,CUST368,Female,27,Electronics,4,50,200,Nice-France,South
972,11-02-2023,CUST369,Male,49,Beauty,4,25,100,Lund-Sweden,East
973,22-03-2023,CUST370,Male,60,Clothing,1,50,50,Hong Kong-China,West
974,03-05-2023,CUST371,Male,47,Beauty,1,30,30,Nice-France,North
975,30-03-2023,CUST372,Female,56,Clothing,4,50,200,New York-USA,South
976,10-10-2023,CUST373,Female,48,Beauty,2,300,600,Lund-Sweden,East
977,08-02-2023,CUST374,Female,35,Electronics,3,25,75,Hong Kong-China,West
978,22-03-2023,CUST375,Female,53,Clothing,3,50,150,Nice-France,North
979,02-01-2023,CUST376,Female,19,Beauty,1,25,25,Seattle-USA,South
980,29-07-2023,CUST377,Female,31,Electronics,3,25,75,Atlantic City-USA,East
981,19-08-2023,CUST378,Female,30,Electronics,2,30,60,Los Angeles-USA,West
982,19-12-2023,CUST379,Female,46,Beauty,3,30,90,Lund-Sweden,North
983,01-11-2023,CUST380,Female,29,Clothing,1,300,300,Hong Kong-China,South
984,29-08-2023,CUST381,Male,56,Clothing,1,500,500,Nice-France,East
985,30-05-2023,CUST382,Female,19,Electronics,2,25,50,Lund-Sweden,West
986,17-01-2023,CUST383,Female,49,Clothing,2,500,1000,Hong Kong-China,North
987,29-04-2023,CUST384,Female,30,Clothing,3,300,900,Nice-France,South
988,28-05-2023,CUST385,Female,63,Clothing,3,25,75,Lund-Sweden,East
989,28-12-2023,CUST386,Female,44,Electronics,1,25,25,Hong Kong-China,West
990,25-05-2023,CUST387,Female,58,Beauty,2,500,1000,Nice-France,North
991,26-12-2023,CUST388,Female,34,Clothing,2,50,100,New York-USA,South
992,21-08-2023,CUST389,Female,57,Electronics,2,30,60,Lund-Sweden,East
993,06-02-2023,CUST390,Female,48,Electronics,3,50,150,Hong Kong-China,West
994,18-12-2023,CUST391,Female,51,Beauty,2,500,1000,Nice-France,North
995,30-04-2023,CUST392,Female,41,Clothing,1,30,30,Seattle-USA,South
996,16-05-2023,CUST393,Male,62,Clothing,1,50,50,Atlantic City-USA,East
997,17-11-2023,CUST394,Male,52,Beauty,3,30,90,Los Angeles-USA,West
998,29-10-2023,CUST395,Female,23,Beauty,4,25,100,Lund-Sweden,North
999,05-12-2023,CUST396,Female,36,Electronics,3,50,150,Hong Kong-China,South
1000,12-04-2023,CUST397,Male,47,Electronics,4,30,120,Nice-France,East
