,Daily Retail Super Sales Report As of 12-04-2023,,,,,,,,,,,,,,,,
,,,,,,,,,,,,,,,,,
Transaction ID,Date,Customer ID,Gender,Age,Product Category,Quantity,Price per Unit,Total Amount,Col1,Col2,North,South,East,West,Office-City,Region,Country
1,24-11-2023,CUST001,Male,34,Beauty,3,50,150,,,2314,56788,2456,4567,New York-USA,South,
2,27-02-2023,CUST002,Female,26,Clothing,2,500,1000,,,2314,56788,2456,4567,Lund-Sweden,East,
3,13-01-2023,CUST003,Male,50,Electronics,1,30,30,,,234,4533,666,442,Hong Kong-China,West,
4,21-05-2023,CUST004,Male,37,Clothing,1,500,500,,,566,656,7896,7899,Nice-France,North,
5,06-05-2023,CUST005,Male,30,Beauty,2,50,100,,,3351,3725,3615,2392,Seattle-USA,South,
6,25-04-2023,CUST006,Female,45,Beauty,1,30,30,,,2099,3580,2910,4690,Atlantic City-USA,East,
7,13-03-2023,CUST007,Male,46,Clothing,2,25,50,,,2793,4801,4855,2548,Los Angeles-USA,West,
8,22-02-2023,CUST008,Male,30,Electronics,4,25,100,,,3429,2191,3247,4769,Lund-Sweden,North,
9,13-12-2023,CUST009,Male,63,Electronics,2,300,600,,,4775,4155,2191,2026,Hong Kong-China,South,
10,07-10-2023,CUST010,Female,52,Clothing,4,50,200,,,2353,3948,2898,4891,Nice-France,East,
11,14-02-2023,CUST011,Male,23,Clothing,2,50,100,,,2163,3929,2507,2062,Lund-Sweden,West,
NA,NA,NA,NA,NA,NA,NA,NA,NA,,,2345,2571,3645,3446,Hong Kong-China,North,
12,30-10-2023,CUST012,Male,35,Beauty,NULL,25,75,,,2607,4897,3744,4067,Nice-France,South,
13,05-08-2023,CUST013,Male,22,Electronics,NULL,500,1500,,,3882,4669,4949,2309,Lund-Sweden,East,
14,17-01-2023,CUST014,Male,64,Clothing,NULL,30,120,,,3904,4475,4380,4711,Hong Kong-China,West,
15,16-01-2023,CUST015,Female,42,Electronics,NULL,500,2000,,,2079,4899,3649,3361,Nice-France,North,
16,17-02-2023,CUST016,Male,19,Clothing,NULL,500,1500,,,2633,4978,2089,4376,New York-USA,South,
17,22-04-2023,CUST017,Female,27,Clothing,12,25,100,,,2821,4361,2989,4830,Lund-Sweden,East,
18,30-04-2023,CUST018,Female,47,Electronics,1,25,50,,,2981,3583,3235,4114,Hong Kong-China,West,
19,16-09-2023,CUST019,Female,62,Clothing,2,25,50,,,2464,2751,2186,4516,Nice-France,North,
20,05-11-2023,CUST020,Male,22,Clothing,5,300,900,,,4070,3413,2229,4335,Seattle-USA,South,
21,14-01-2023,CUST021,Female,50,Beauty,6,500,500,,,2028,4413,3029,3758,Atlantic City-USA,East,
22,15-10-2023,CUST022,Male,18,Clothing,7,50,100,,,2129,4609,3893,4125,Los Angeles-USA,West,
23,12-04-2023,CUST023,Female,35,Clothing,7,30,120,,,4477,3514,4947,2417,Lund-Sweden,North,
24,29-11-2023,CUST024,Female,49,Clothing,7,300,300,,,4479,3378,2863,4285,Hong Kong-China,South,
25,26-12-2023,CUST025,Female,64,Beauty,8,50,50,,,3915,2305,2238,3285,Nice-France,East,
26,07-10-2023,CUST026,Female,28,Electronics,22,500,1000,,,3481,3744,3929,2703,Lund-Sweden,West,
27,03-08-2023,CUST027,Female,38,Beauty,12,25,50,,,2820,3671,3084,3222,Hong Kong-China,North,
28,23-04-2023,CUST028,Female,43,Beauty,133,500,500,,,4558,3026,2716,2107,Nice-France,South,
29,18-08-2023,CUST029,Female,42,Electronics,22,30,30,,,3862,4347,2912,4813,Lund-Sweden,East,
30,29-10-2023,CUST030,Female,39,Beauty,2,300,900,,,3964,4893,3296,4512,Hong Kong-China,West,
31,23-05-2023,CUST031,Male,44,Electronics,2,300,1200,,,3108,4867,2730,3284,Nice-France,North,
32,04-01-2023,CUST032,Male,30,Beauty,2,30,90,,,4769,2061,2432,3025,New York-USA,South,
33,23-03-2023,CUST033,Female,50,Electronics,2,50,100,,,2250,4386,3158,4254,Lund-Sweden,East,
34,24-12-2023,CUST034,Female,51,Clothing,2,50,150,,,4512,4833,4245,2702,Hong Kong-China,West,
35,05-08-2023,CUST035,Female,58,Beauty,6,300,900,,,3929,3206,2463,4796,Nice-France,North,
36,24-06-2023,CUST036,Male,52,Beauty,7,300,900,,,2715,3307,3456,4813,Seattle-USA,South,
37,23-05-2023,CUST037,Female,18,Beauty,3,25,75,,,4072,3390,4756,3418,Atlantic City-USA,East,
38,21-03-2023,CUST038,Male,38,Beauty,4,50,200,,,3712,3278,2458,3495,Los Angeles-USA,West,
39,21-04-2023,CUST039,Male,23,Clothing,4,30,120,,,4147,2628,2334,3607,Lund-Sweden,North,
40,22-06-2023,CUST040,Male,45,Beauty,1,50,50,,,2283,2926,4795,4785,Hong Kong-China,South,
41,22-02-2023,CUST041,Male,34,Clothing,2,25,50,,,3536,2080,2913,4781,Nice-France,East,
42,17-02-2023,CUST042,Male,22,Clothing,3,300,900,,,4508,2284,2957,4273,Lund-Sweden,West,
43,14-07-2023,CUST043,Female,48,Clothing,1,300,300,,,3784,4633,2533,2343,Hong Kong-China,North,
44,19-02-2023,CUST044,Female,22,Clothing,1,25,25,,,4461,4914,2239,2616,Nice-France,South,
45,03-07-2023,CUST045,Female,55,Electronics,1,30,30,,,3184,4636,2604,3929,Lund-Sweden,East,
46,26-06-2023,CUST046,Female,20,Electronics,4,300,1200,,,3175,2451,3846,3027,Hong Kong-China,West,
47,06-11-2023,CUST047,Female,40,Beauty,3,500,1500,,,3479,2312,3594,2049,Nice-France,North,
48,16-05-2023,CUST048,Male,54,Electronics,3,300,900,,,4328,3416,4256,3964,New York-USA,South,
49,23-01-2023,CUST049,Female,54,Electronics,2,500,1000,,,3946,3106,2948,2994,Lund-Sweden,East,
50,24-08-2023,CUST050,Female,27,Beauty,3,25,75,,,2430,4833,2704,4615,Hong Kong-China,West,
51,02-10-2023,CUST051,Male,27,Beauty,3,25,75,,,3141,4829,2793,2414,Nice-France,North,
52,05-03-2023,CUST052,Female,36,Beauty,1,300,300,,,4320,4303,2108,3369,Seattle-USA,South,
53,13-07-2023,CUST053,Male,34,Electronics,2,50,100,,,4518,2577,2663,2401,Atlantic City-USA,East,
54,10-02-2023,CUST054,Female,38,Electronics,3,500,1500,,,2266,2691,4223,3318,Los Angeles-USA,West,
55,10-10-2023,CUST055,Male,31,Beauty,4,30,120,,,4734,2999,3261,3355,Lund-Sweden,North,
56,31-05-2023,CUST056,Female,26,Clothing,3,300,900,,,3197,2106,3626,2036,Hong Kong-China,South,
57,18-11-2023,CUST057,Female,63,Beauty,1,30,30,,,4223,2935,2850,2515,Nice-France,East,
58,13-11-2023,CUST058,Male,18,Clothing,4,300,1200,,,2102,4735,2403,3845,Lund-Sweden,West,
59,05-07-2023,CUST059,Male,62,Clothing,1,50,50,,,4559,4010,3089,4614,Hong Kong-China,North,
60,23-10-2023,CUST060,Male,30,Beauty,3,50,150,,,2520,4075,2683,2425,Nice-France,South,
61,09-04-2023,CUST061,Male,21,Beauty,4,50,200,,,4477,2399,3777,2050,Lund-Sweden,East,
62,27-12-2023,CUST062,Male,18,Beauty,2,50,100,,,3603,3475,4791,3070,Hong Kong-China,West,
63,05-02-2023,CUST063,Male,57,Electronics,2,25,50,,,4220,3634,3031,4647,Nice-France,North,
64,24-01-2023,CUST064,Male,49,Clothing,4,25,100,,,2956,3341,3632,3400,New York-USA,South,
65,05-12-2023,CUST065,Male,51,Electronics,4,500,2000,,,3551,3658,2066,3444,Lund-Sweden,East,
66,27-04-2023,CUST066,Female,45,Electronics,1,30,30,,,2527,2348,4580,4799,Hong Kong-China,West,
67,29-05-2023,CUST067,Female,48,Beauty,4,300,1200,,,3370,3296,4226,4054,Nice-France,North,
68,10-02-2023,CUST068,Male,25,Electronics,1,300,300,,,2127,4734,3551,2452,Seattle-USA,South,
69,30-04-2023,CUST069,Female,56,Beauty,3,25,75,,,4932,3740,2408,2023,Atlantic City-USA,East,
,,,,,,,,,,,,,,,Los Angeles-USA,West,
70,21-02-2023,CUST070,Female,43,Clothing,1,300,300,,,4115,2983,2412,4441,Lund-Sweden,North,
71,14-07-2023,CUST071,Female,51,Beauty,4,25,100,,,3110,3513,4221,2496,Hong Kong-China,South,
72,23-05-2023,CUST072,Female,20,Electronics,4,500,2000,,,4908,3233,2237,3544,Nice-France,East,
73,21-08-2023,CUST073,Male,29,Electronics,3,30,90,,,3973,4955,4931,2284,Lund-Sweden,West,
74,22-11-2023,CUST074,Female,18,Beauty,4,500,2000,,,4509,2410,2621,3547,Hong Kong-China,North,
75,06-07-2023,CUST075,Male,61,Beauty,4,50,200,,,3605,2478,2460,2086,Nice-France,South,
76,25-03-2023,CUST076,Female,22,Electronics,2,50,100,,,2641,3512,4865,2203,Lund-Sweden,East,
77,09-07-2023,CUST077,Female,47,Clothing,2,50,100,,,3178,2521,4853,3826,Hong Kong-China,West,
78,01-07-2023,CUST078,Female,47,Clothing,3,500,1500,,,3654,4507,4931,2932,Nice-France,North,
79,18-04-2023,CUST079,Male,34,Beauty,1,300,300,,,3236,4080,2506,4242,New York-USA,South,
80,10-12-2023,CUST080,Female,64,Clothing,2,30,60,,,3368,2276,2097,4307,Lund-Sweden,East,
,,,,,,,,,,,3451,2629,4892,2826,Hong Kong-China,West,
81,17-05-2023,CUST081,Male,40,Electronics,1,50,50,,,2039,3695,2879,4126,Nice-France,North,
82,26-12-2023,CUST082,Female,32,Beauty,4,50,200,,,2943,3141,4397,2611,Seattle-USA,South,
83,16-12-2023,CUST083,Male,54,Electronics,2,50,100,,,3660,3200,4784,4414,Atlantic City-USA,East,
84,28-11-2023,CUST084,Female,38,Electronics,3,30,90,,,3574,2790,2209,3236,Los Angeles-USA,West,
85,06-02-2023,CUST085,Male,31,Clothing,3,50,150,,,3331,3039,2793,3870,Lund-Sweden,North,
86,08-11-2023,CUST086,Male,19,Beauty,3,30,90,,,2253,4558,3757,2720,Hong Kong-China,South,
87,22-11-2023,CUST087,Female,28,Beauty,2,50,100,,,3396,3544,4769,4130,Nice-France,East,
88,29-03-2023,CUST088,Male,56,Clothing,1,500,500,,,4401,2602,3425,2420,Lund-Sweden,West,
89,01-10-2023,CUST089,Female,55,Electronics,4,500,2000,,,2282,2548,4126,3662,Hong Kong-China,North,
90,06-05-2023,CUST090,Female,51,Electronics,1,30,30,,,2638,4110,3098,4452,Nice-France,South,
91,25-03-2023,CUST091,Female,55,Electronics,1,500,500,,,3606,4446,2492,2740,Lund-Sweden,East,
92,25-08-2023,CUST092,Female,51,Electronics,4,30,120,,,2244,2547,4071,4646,Hong Kong-China,West,
93,14-07-2023,CUST093,Female,35,Beauty,4,500,2000,,,2333,3633,4177,4001,Nice-France,North,
94,19-05-2023,CUST094,Female,47,Beauty,2,500,1000,,,4628,4836,3195,2216,New York-USA,South,
95,24-11-2023,CUST095,Female,32,Clothing,2,30,60,,,4470,4121,2277,3832,Lund-Sweden,East,
96,19-12-2023,CUST096,Female,44,Clothing,2,300,600,,,3153,2928,2251,4110,Hong Kong-China,West,
97,13-10-2023,CUST097,Female,51,Beauty,2,500,1000,,,3673,4182,3506,2775,Nice-France,North,
98,23-04-2023,CUST098,Female,55,Beauty,2,50,100,,,2040,4509,3735,2426,Seattle-USA,South,
99,17-12-2023,CUST099,Female,50,Electronics,4,300,1200,,,3685,2797,3215,2362,Atlantic City-USA,East,
100,16-06-2023,CUST100,Male,41,Electronics,1,30,30,,,3395,3735,2369,2150,Los Angeles-USA,West,
101,29-01-2023,CUST101,Male,32,Clothing,2,300,600,,,2844,3023,2197,3293,Lund-Sweden,North,
102,28-04-2023,CUST102,Female,47,Beauty,2,25,50,,,3540,2301,2720,3890,Hong Kong-China,South,
103,17-01-2023,CUST103,Female,59,Clothing,1,25,25,,,4606,3744,3756,3510,Nice-France,East,
104,11-06-2023,CUST104,Female,34,Beauty,2,500,1000,,,4041,3553,2587,4083,Lund-Sweden,West,
105,25-07-2023,CUST105,Female,22,Electronics,1,500,500,,,2214,4129,2710,3949,Hong Kong-China,North,
106,18-05-2023,CUST106,Female,46,Clothing,1,50,50,,,2028,3436,3194,4629,Nice-France,South,
107,03-02-2023,CUST107,Female,21,Clothing,4,300,1200,,,3622,4239,4901,2453,Lund-Sweden,East,
108,19-04-2023,CUST108,Female,27,Beauty,3,25,75,,,2091,2655,3381,3202,Hong Kong-China,West,
109,18-10-2023,CUST109,Female,34,Electronics,4,500,2000,,,4607,3871,4609,2495,Nice-France,North,
110,11-06-2023,CUST110,Male,27,Clothing,3,300,900,,,3604,2851,4615,4164,New York-USA,South,
111,19-04-2023,CUST111,Female,34,Electronics,3,500,1500,,,4287,2277,2039,2045,Lund-Sweden,East,
112,02-12-2023,CUST112,Male,37,Clothing,3,500,1500,,,4274,2950,4022,3756,Hong Kong-China,West,
113,13-09-2023,CUST113,Female,41,Electronics,2,25,50,,,3389,3558,2519,4827,Nice-France,North,
114,22-07-2023,CUST114,Female,22,Beauty,4,25,100,,,2816,2489,4923,3829,Seattle-USA,South,
115,26-11-2023,CUST115,Male,51,Clothing,3,500,1500,,,3466,4326,4358,2616,Atlantic City-USA,East,
116,23-08-2023,CUST116,Female,23,Clothing,1,30,30,,,3869,3218,3408,2507,Los Angeles-USA,West,
117,15-03-2023,CUST117,Male,19,Electronics,2,500,1000,,,4417,4611,3077,2951,Lund-Sweden,North,
118,16-05-2023,CUST118,Female,30,Electronics,4,500,2000,,,4807,3883,3898,3489,Hong Kong-China,South,
119,13-03-2023,CUST119,Female,60,Clothing,3,50,150,,,2138,4311,4532,2103,Nice-France,East,
120,07-05-2023,CUST120,Male,60,Beauty,1,50,50,,,2484,4573,3396,2397,Lund-Sweden,West,
121,15-10-2023,CUST121,Female,28,Electronics,4,50,200,,,3664,4076,4599,4020,Hong Kong-China,North,
122,03-10-2023,CUST122,Male,64,Electronics,4,30,120,,,2947,2167,2774,4248,Nice-France,South,
123,15-05-2023,CUST123,Female,40,Electronics,2,30,60,,,3114,4834,4486,2880,Lund-Sweden,East,
124,27-10-2023,CUST124,Male,33,Clothing,4,500,2000,,,4418,4276,2336,2503,Hong Kong-China,West,
125,08-08-2023,CUST125,Male,48,Clothing,2,50,100,,,3192,3588,3139,4432,Nice-France,North,
126,26-10-2023,CUST126,Female,28,Clothing,3,30,90,,,2403,4762,3081,2814,New York-USA,South,
127,24-07-2023,CUST127,Female,33,Clothing,2,25,50,,,3279,3223,4304,3034,Lund-Sweden,East,
128,05-07-2023,CUST128,Male,25,Beauty,1,500,500,,,3691,2439,3833,2385,Hong Kong-China,West,
129,23-04-2023,CUST129,Female,21,Beauty,2,300,600,,,4472,3027,3427,3184,Nice-France,North,
130,12-03-2023,CUST130,Female,57,Clothing,1,500,500,,,4429,4199,4235,4318,Seattle-USA,South,
131,18-09-2023,CUST131,Female,21,Beauty,2,300,600,,,2448,3946,4526,2916,Atlantic City-USA,East,
132,10-09-2023,CUST132,Male,42,Electronics,4,50,200,,,3626,2026,4610,2753,Los Angeles-USA,West,
133,16-02-2023,CUST133,Male,20,Electronics,3,300,900,,,2775,4673,3189,2159,Lund-Sweden,North,
134,25-01-2023,CUST134,Male,49,Electronics,1,50,50,,,4915,3862,4714,3834,Hong Kong-China,South,
135,26-02-2023,CUST135,Male,20,Clothing,2,25,50,,,3606,2993,4427,4170,Nice-France,East,
136,20-03-2023,CUST136,Male,44,Electronics,2,300,600,,,3400,2904,2844,2696,Lund-Sweden,West,
137,18-11-2023,CUST137,Male,46,Beauty,2,500,1000,,,2310,2471,3226,3722,Hong Kong-China,North,
138,23-03-2023,CUST138,Male,49,Clothing,4,50,200,,,4865,3502,4282,3447,Nice-France,South,
139,15-12-2023,CUST139,Male,36,Beauty,4,500,2000,,,3017,3560,4630,4712,Lund-Sweden,East,
140,05-08-2023,CUST140,Male,38,Electronics,1,30,30,,,2009,4347,3967,4609,Hong Kong-China,West,
141,02-11-2023,CUST141,Female,22,Electronics,1,50,50,,,3334,3599,4784,2680,Nice-France,North,
142,02-02-2023,CUST142,Male,35,Electronics,4,300,1200,,,4303,4480,2170,4877,New York-USA,South,
143,17-07-2023,CUST143,Female,45,Clothing,1,50,50,,,4564,2616,4054,4254,Lund-Sweden,East,
144,15-07-2023,CUST144,Female,59,Beauty,3,500,1500,,,4677,2044,2733,3385,Hong Kong-China,West,
145,02-11-2023,CUST145,Female,39,Clothing,3,25,75,,,3985,4442,3213,2774,Nice-France,North,
146,28-08-2023,CUST146,Male,38,Clothing,4,50,200,,,2061,2858,3534,3060,Seattle-USA,South,
147,28-09-2023,CUST147,Male,23,Electronics,1,300,300,,,4959,2441,3740,3362,Atlantic City-USA,East,
148,09-05-2023,CUST148,Male,18,Clothing,2,30,60,,,3800,2684,4117,2811,Los Angeles-USA,West,
149,11-10-2023,CUST149,Male,22,Clothing,3,25,75,,,4482,2368,3683,3376,Lund-Sweden,North,
150,06-01-2023,CUST150,Female,58,Electronics,4,30,120,,,4098,4574,4354,4409,Hong Kong-China,South,
151,15-12-2023,CUST151,Male,29,Clothing,1,50,50,,,2347,2589,3772,3668,Nice-France,East,
152,28-02-2023,CUST152,Male,43,Electronics,4,500,2000,,,2943,3210,4053,3611,Lund-Sweden,West,
153,16-12-2023,CUST153,Male,63,Electronics,2,500,1000,,,3791,2553,4751,3077,Hong Kong-China,North,
154,02-10-2023,CUST154,Male,51,Electronics,3,300,900,,,3771,2577,2020,2002,Nice-France,South,
155,17-05-2023,CUST155,Male,31,Electronics,4,500,2000,,,3154,3295,3493,4776,Lund-Sweden,East,
156,25-11-2023,CUST156,Female,43,Clothing,4,25,100,,,4848,4148,3057,3564,Hong Kong-China,West,
157,24-06-2023,CUST157,Male,62,Electronics,4,500,2000,,,4187,4278,3576,3633,Nice-France,North,
158,27-02-2023,CUST158,Female,44,Electronics,2,300,600,,,3818,4305,4908,3038,New York-USA,South,
159,31-05-2023,CUST159,Male,26,Clothing,4,50,200,,,2268,2625,2799,3009,Lund-Sweden,East,
160,11-08-2023,CUST160,Female,43,Clothing,2,50,100,,,2644,4430,2968,4605,Hong Kong-China,West,
161,22-03-2023,CUST161,Male,64,Beauty,2,500,1000,,,3124,3812,2424,4641,Nice-France,North,
162,21-08-2023,CUST162,Male,39,Clothing,2,30,60,,,2385,4337,3121,4348,Seattle-USA,South,
163,02-01-2023,CUST163,Female,64,Clothing,3,50,150,,,4446,2118,3333,4900,Atlantic City-USA,East,
164,15-05-2023,CUST164,Female,47,Beauty,3,500,1500,,,2345,4903,4840,4964,Los Angeles-USA,West,
165,14-09-2023,CUST165,Female,60,Clothing,4,300,1200,,,2858,2773,4389,3765,Lund-Sweden,North,
166,02-04-2023,CUST166,Male,34,Clothing,4,500,2000,,,2502,4879,4205,2306,Hong Kong-China,South,
167,17-09-2023,CUST167,Female,43,Clothing,3,50,150,,,2883,2826,4598,3502,Nice-France,East,
168,24-02-2023,CUST168,Male,53,Clothing,1,300,300,,,2141,4798,4874,4574,Lund-Sweden,West,
169,17-11-2023,CUST169,Male,18,Beauty,3,500,1500,,,2831,4398,3874,4243,Hong Kong-China,North,
170,02-06-2023,CUST170,Female,25,Clothing,2,25,50,,,2023,4263,4944,3896,Nice-France,South,
171,24-11-2023,CUST171,Female,52,Clothing,3,300,900,,,2583,2967,5000,4665,Lund-Sweden,East,
172,17-09-2023,CUST172,Male,32,Beauty,2,25,50,,,2008,2399,2884,3645,Hong Kong-China,West,
173,08-11-2023,CUST173,Male,64,Electronics,4,30,120,,,4807,4631,3379,4402,Nice-France,North,
174,12-04-2023,CUST174,Female,39,Beauty,1,300,300,,,4827,2063,4689,4614,New York-USA,South,
175,20-03-2023,CUST175,Female,31,Electronics,4,25,100,,,4534,4319,2038,2035,Lund-Sweden,East,
176,11-07-2023,CUST176,Female,43,Beauty,2,50,100,,,4891,2755,3677,4644,Hong Kong-China,West,
177,24-03-2023,CUST177,Male,45,Beauty,2,50,100,,,3537,2767,2836,4358,Nice-France,North,
178,04-10-2023,CUST178,Male,40,Clothing,2,30,60,,,4190,3611,4792,4550,Seattle-USA,South,
179,29-09-2023,CUST179,Male,31,Electronics,1,300,300,,,3145,2487,3861,3908,Atlantic City-USA,East,
180,01-01-2023,CUST180,Male,41,Clothing,3,300,900,,,2034,2543,3172,2580,Los Angeles-USA,West,
181,03-11-2023,CUST181,Male,19,Electronics,4,300,1200,,,3837,3440,3878,4916,Lund-Sweden,North,
182,15-06-2023,CUST182,Male,62,Beauty,4,30,120,,,3429,2731,4332,2401,Hong Kong-China,South,
183,08-09-2023,CUST183,Female,43,Beauty,3,300,900,,,3893,3617,4755,4875,Nice-France,East,
184,10-01-2023,CUST184,Male,31,Electronics,4,50,200,,,3125,4260,2125,3400,Lund-Sweden,West,
185,27-02-2023,CUST185,Male,24,Clothing,1,25,25,,,2689,3915,3151,4467,Hong Kong-China,North,
186,05-07-2023,CUST186,Male,20,Clothing,4,50,200,,,3915,2092,4058,2990,Nice-France,South,
187,07-06-2023,CUST187,Female,64,Clothing,2,50,100,,,2260,4582,4291,4340,Lund-Sweden,East,
188,03-05-2023,CUST188,Male,40,Clothing,3,25,75,,,2337,4876,2094,2126,Hong Kong-China,West,
189,30-01-2023,CUST189,Male,63,Beauty,1,50,50,,,3128,3223,2585,4510,Nice-France,North,
190,04-05-2023,CUST190,Female,60,Beauty,3,30,90,,,2042,2767,2417,4959,New York-USA,South,
191,18-10-2023,CUST191,Male,64,Beauty,1,25,25,,,3126,4638,3506,4254,Lund-Sweden,East,
192,10-02-2023,CUST192,Male,62,Beauty,2,50,100,,,4237,4209,2976,4142,Hong Kong-China,West,
193,13-02-2023,CUST193,Male,35,Beauty,3,500,1500,,,4970,4450,3975,3615,Nice-France,North,
194,06-09-2023,CUST194,Male,55,Clothing,4,50,200,,,4098,3771,3938,2615,Seattle-USA,South,
195,05-02-2023,CUST195,Male,52,Clothing,1,30,30,,,4023,3653,2180,2130,Atlantic City-USA,East,
196,30-09-2023,CUST196,Female,32,Clothing,3,300,900,,,2458,3035,4927,2686,Los Angeles-USA,West,
197,06-03-2023,CUST197,Female,42,Clothing,4,50,200,,,2583,2794,4330,3269,Lund-Sweden,North,
198,07-03-2023,CUST198,Female,54,Beauty,3,300,900,,,2740,2762,2478,2574,Hong Kong-China,South,
199,04-12-2023,CUST199,Male,45,Beauty,3,500,1500,,,2664,3221,2707,2314,Nice-France,East,
200,01-09-2023,CUST200,Male,27,Beauty,3,50,150,,,2404,4872,3661,3087,Lund-Sweden,West,
201,09-10-2023,CUST201,Male,56,Electronics,1,25,25,,,2319,2538,3198,2712,Hong Kong-China,North,
202,26-03-2023,CUST202,Female,34,Clothing,4,300,1200,,,4840,3770,4465,3630,Nice-France,South,
203,16-05-2023,CUST203,Male,56,Clothing,2,500,1000,,,2425,4894,3040,2158,Lund-Sweden,East,
204,28-09-2023,CUST204,Male,39,Beauty,1,25,25,,,3317,4684,2132,4410,Hong Kong-China,West,
205,07-11-2023,CUST205,Female,43,Clothing,1,25,25,,,4850,2448,3608,4530,Nice-France,North,
206,05-08-2023,CUST206,Male,61,Clothing,1,25,25,,,4329,2676,4274,3125,New York-USA,South,
207,19-04-2023,CUST207,Female,42,Beauty,2,25,50,,,4514,3367,2835,4956,Lund-Sweden,East,
208,04-10-2023,CUST208,Female,34,Electronics,4,50,200,,,2266,3843,3850,3289,Hong Kong-China,West,
209,20-12-2023,CUST209,Female,30,Electronics,4,50,200,,,3757,4544,3181,3295,Nice-France,North,
210,13-04-2023,CUST210,Male,37,Electronics,4,50,200,,,3914,4657,4707,3933,Seattle-USA,South,
211,01-01-2024,CUST211,Male,42,Beauty,3,500,1500,,,3985,3789,3446,3788,Atlantic City-USA,East,
212,09-06-2023,CUST212,Male,21,Clothing,3,500,1500,,,4503,4295,3950,2038,Los Angeles-USA,West,
213,24-07-2023,CUST213,Male,27,Beauty,3,500,1500,,,3180,2585,2486,2229,Lund-Sweden,North,
214,10-12-2023,CUST214,Male,20,Beauty,2,30,60,,,4638,3844,3129,4238,Hong Kong-China,South,
215,29-11-2023,CUST215,Male,58,Clothing,3,500,1500,,,2780,3522,4019,2307,Nice-France,East,
216,11-07-2023,CUST216,Male,62,Electronics,2,50,100,,,4043,4422,3159,2632,Lund-Sweden,West,
217,13-08-2023,CUST217,Female,35,Electronics,4,50,200,,,4644,2794,2636,3265,Hong Kong-China,North,
218,22-09-2023,CUST218,Male,64,Beauty,3,30,90,,,3101,4818,3989,2221,Nice-France,South,
219,20-08-2023,CUST219,Female,53,Electronics,3,30,90,,,3269,2268,3146,2082,Lund-Sweden,East,
220,03-03-2023,CUST220,Male,64,Beauty,1,500,500,,,3789,4300,3914,2159,Hong Kong-China,West,
221,07-05-2023,CUST221,Male,39,Beauty,2,300,600,,,4816,2555,3136,2482,Nice-France,North,
222,26-04-2023,CUST222,Male,51,Clothing,4,30,120,,,3159,2641,4413,3149,New York-USA,South,
223,02-02-2023,CUST223,Female,64,Clothing,1,25,25,,,2369,4297,3816,4782,Lund-Sweden,East,
224,23-06-2023,CUST224,Female,25,Clothing,1,50,50,,,2633,2797,4119,3478,Hong Kong-China,West,
225,11-01-2023,CUST225,Female,57,Beauty,4,25,100,,,3382,4600,4074,3666,Nice-France,North,
226,29-10-2023,CUST226,Female,61,Clothing,1,50,50,,,4429,3911,2090,3629,Seattle-USA,South,
227,11-10-2023,CUST227,Male,36,Electronics,2,50,100,,,4285,2195,3477,4052,Atlantic City-USA,East,
228,28-04-2023,CUST228,Female,59,Electronics,2,30,60,,,3643,3043,4819,4219,Los Angeles-USA,West,
229,29-10-2023,CUST229,Male,58,Beauty,3,30,90,,,3890,2734,4192,3159,Lund-Sweden,North,
230,23-04-2023,CUST230,Male,54,Beauty,1,25,25,,,3970,2389,2045,4027,Hong Kong-China,South,
231,04-01-2023,CUST231,Female,23,Clothing,3,50,150,,,2853,4274,2037,2271,Nice-France,East,
232,06-02-2023,CUST232,Female,43,Beauty,1,25,25,,,3945,2031,2915,2887,Lund-Sweden,West,
233,29-12-2023,CUST233,Female,51,Beauty,2,300,600,,,4555,2503,2845,4060,Hong Kong-China,North,
234,20-11-2023,CUST234,Female,62,Electronics,2,25,50,,,2788,3083,3419,2391,Nice-France,South,
235,31-01-2023,CUST235,Female,23,Electronics,2,500,1000,,,2332,2111,4339,2907,Lund-Sweden,East,
236,28-04-2023,CUST236,Female,54,Clothing,1,25,25,,,2461,3041,3053,4556,Hong Kong-China,West,
237,04-02-2023,CUST237,Female,50,Beauty,2,500,1000,,,2019,2703,4483,2527,Nice-France,North,
238,17-01-2023,CUST238,Female,39,Beauty,1,500,500,,,4013,3209,4037,2021,New York-USA,South,
239,19-06-2023,CUST239,Male,38,Electronics,3,500,1500,,,2627,4679,3518,3127,Lund-Sweden,East,
240,06-02-2023,CUST240,Female,23,Beauty,1,300,300,,,3132,4459,4445,4954,Hong Kong-China,West,
241,21-09-2023,CUST241,Female,23,Electronics,3,25,75,,,4968,4371,2295,3167,Nice-France,North,
242,02-05-2023,CUST242,Male,21,Clothing,1,25,25,,,2758,3357,2611,3786,Seattle-USA,South,
243,23-05-2023,CUST243,Female,47,Electronics,3,300,900,,,2786,4161,4165,4188,Atlantic City-USA,East,
244,09-12-2023,CUST244,Male,28,Beauty,2,50,100,,,2820,2444,3013,4560,Los Angeles-USA,West,
245,06-09-2023,CUST245,Male,47,Clothing,3,30,90,,,4784,4818,2210,4751,Lund-Sweden,North,
246,20-04-2023,CUST246,Female,48,Electronics,2,25,50,,,4146,2186,4196,4245,Hong Kong-China,South,
247,04-10-2023,CUST247,Male,41,Electronics,2,30,60,,,3435,3471,2794,2515,Nice-France,East,
248,09-03-2023,CUST248,Male,26,Clothing,3,300,900,,,2746,2369,2762,4323,Lund-Sweden,West,
249,20-10-2023,CUST249,Male,20,Clothing,1,50,50,,,3554,2195,3697,2834,Hong Kong-China,North,
250,23-10-2023,CUST250,Male,48,Electronics,1,50,50,,,3262,2270,2405,2153,Nice-France,South,
251,31-08-2023,CUST251,Female,57,Beauty,4,50,200,,,4983,2131,2290,3742,Lund-Sweden,East,
252,05-05-2023,CUST252,Male,54,Electronics,1,300,300,,,4443,4178,4630,3239,Hong Kong-China,West,
253,31-08-2023,CUST253,Female,53,Clothing,4,500,2000,,,4060,2602,4012,3484,Nice-France,North,
254,28-07-2023,CUST254,Male,41,Electronics,1,500,500,,,3276,2979,2287,4377,New York-USA,South,
255,08-04-2023,CUST255,Male,48,Clothing,1,30,30,,,3080,2819,4842,2102,Lund-Sweden,East,
256,18-02-2023,CUST256,Male,23,Clothing,2,500,1000,,,3833,2739,4991,4204,Hong Kong-China,West,
257,19-02-2023,CUST257,Male,19,Beauty,4,500,2000,,,3424,2100,3154,2102,Nice-France,North,
258,04-12-2023,CUST258,Female,37,Clothing,1,50,50,,,2476,4079,4054,2965,Seattle-USA,South,
259,09-08-2023,CUST259,Female,45,Clothing,4,50,200,,,3957,3741,3870,2023,Atlantic City-USA,East,
260,01-07-2023,CUST260,Male,28,Beauty,2,30,60,,,2139,4489,3880,4163,Los Angeles-USA,West,
261,05-08-2023,CUST261,Male,21,Clothing,2,25,50,,,3794,4167,2864,4628,Lund-Sweden,North,
262,30-07-2023,CUST262,Female,32,Beauty,4,30,120,,,4716,2231,4967,3787,Hong Kong-China,South,
263,28-08-2023,CUST263,Male,23,Beauty,2,30,60,,,2629,3956,3729,2927,Nice-France,East,
264,28-01-2023,CUST264,Male,47,Clothing,3,300,900,,,4519,3834,3225,2316,Lund-Sweden,West,
265,11-12-2023,CUST265,Male,55,Clothing,3,300,900,,,2101,2965,3676,2283,Hong Kong-China,North,
266,01-12-2023,CUST266,Female,19,Electronics,2,30,60,,,4343,4389,4463,4771,Nice-France,South,
267,27-11-2023,CUST267,Female,32,Beauty,3,30,90,,,4917,3674,4379,3929,Lund-Sweden,East,
268,20-02-2023,CUST268,Female,28,Electronics,1,30,30,,,2105,4775,4371,4815,Hong Kong-China,West,
269,01-02-2023,CUST269,Male,25,Clothing,4,500,2000,,,4447,3194,4484,3531,Nice-France,North,
270,26-07-2023,CUST270,Male,43,Electronics,1,300,300,,,2180,2285,2893,4909,New York-USA,South,
271,23-06-2023,CUST271,Female,62,Beauty,4,30,120,,,4692,3559,2454,4780,Lund-Sweden,East,
272,25-02-2023,CUST272,Female,61,Electronics,2,50,100,,,4779,4271,2474,3239,Hong Kong-China,West,
273,08-05-2023,CUST273,Female,22,Beauty,1,50,50,,,4398,4159,4549,2917,Nice-France,North,
274,09-04-2023,CUST274,Female,23,Clothing,2,500,1000,,,2147,2569,4364,2548,Seattle-USA,South,
275,08-04-2023,CUST275,Male,43,Clothing,2,500,1000,,,4235,3369,4325,2333,Atlantic City-USA,East,
276,02-10-2023,CUST276,Female,21,Beauty,4,25,100,,,4445,2594,4300,3095,Los Angeles-USA,West,
277,18-08-2023,CUST277,Male,36,Clothing,4,25,100,,,3432,3211,4022,2327,Lund-Sweden,North,
278,13-03-2023,CUST278,Female,37,Clothing,4,25,100,,,2162,2000,3288,2784,Hong Kong-China,South,
279,05-08-2023,CUST279,Male,50,Clothing,1,500,500,,,2695,2385,2168,4338,Nice-France,East,
280,04-04-2023,CUST280,Female,37,Clothing,3,500,1500,,,3775,2943,4559,3577,Lund-Sweden,West,
281,23-05-2023,CUST281,Female,29,Beauty,4,500,2000,,,4351,2407,4723,2268,Hong Kong-China,North,
282,25-08-2023,CUST282,Female,64,Electronics,4,50,200,,,3767,3689,4233,4199,Nice-France,South,
283,08-05-2023,CUST283,Female,18,Electronics,1,500,500,,,2593,2555,3532,4887,Lund-Sweden,East,
284,08-02-2023,CUST284,Male,43,Clothing,4,50,200,,,2639,3813,3942,4730,Hong Kong-China,West,
285,15-08-2023,CUST285,Female,31,Electronics,1,25,25,,,4477,3746,3525,2407,Nice-France,North,
286,09-10-2023,CUST286,Male,55,Electronics,2,25,50,,,2713,4219,3265,4901,New York-USA,South,
287,20-02-2023,CUST287,Male,54,Clothing,4,25,100,,,3392,2450,2612,4363,Lund-Sweden,East,
288,26-01-2023,CUST288,Male,28,Clothing,4,30,120,,,2291,3018,2063,4707,Hong Kong-China,West,
289,30-11-2023,CUST289,Male,53,Electronics,2,30,60,,,2594,4851,3450,3594,Nice-France,North,
290,04-10-2023,CUST290,Female,30,Beauty,2,300,600,,,4488,3982,4122,2708,Seattle-USA,South,
291,08-01-2023,CUST291,Male,60,Clothing,2,300,600,,,2194,4956,2018,4104,Atlantic City-USA,East,
292,17-02-2023,CUST292,Male,20,Beauty,4,300,1200,,,2920,4788,4987,4596,Los Angeles-USA,West,
293,02-05-2023,CUST293,Male,50,Electronics,3,30,90,,,3861,4566,2488,2102,Lund-Sweden,North,
294,27-03-2023,CUST294,Female,23,Clothing,3,30,90,,,4753,2592,3615,3658,Hong Kong-China,South,
295,28-07-2023,CUST295,Female,27,Beauty,3,300,900,,,3723,2379,2146,4436,Nice-France,East,
296,06-09-2023,CUST296,Female,22,Clothing,4,300,1200,,,2473,2618,4328,2395,Lund-Sweden,West,
297,04-09-2023,CUST297,Female,40,Electronics,2,500,1000,,,4130,3904,2665,3970,Hong Kong-China,North,
298,20-04-2023,CUST298,Male,27,Beauty,4,300,1200,,,2896,2933,4102,4887,Nice-France,South,
299,25-07-2023,CUST299,Male,61,Electronics,2,500,1000,,,4121,4520,4488,2548,Lund-Sweden,East,
300,31-01-2023,CUST300,Female,19,Electronics,4,50,200,,,4502,4559,3949,2326,Hong Kong-China,West,
301,26-03-2023,CUST301,Male,30,Clothing,4,30,120,,,3081,3256,4725,4121,Nice-France,North,
302,14-07-2023,CUST302,Male,57,Beauty,2,300,600,,,3849,3498,2846,2211,New York-USA,South,
303,02-01-2023,CUST303,Male,19,Electronics,3,30,90,,,4519,2260,2536,4716,Lund-Sweden,East,
304,19-07-2023,CUST304,Female,37,Electronics,2,30,60,,,4736,4890,2250,3436,Hong Kong-China,West,
305,16-05-2023,CUST305,Female,18,Beauty,1,30,30,,,3222,2526,2134,4161,Nice-France,North,
306,21-08-2023,CUST306,Male,54,Electronics,1,50,50,,,2321,2262,4764,4098,Seattle-USA,South,
307,27-05-2023,CUST307,Female,26,Electronics,2,25,50,,,4718,4350,2396,4411,Atlantic City-USA,East,
308,05-08-2023,CUST308,Female,34,Beauty,4,300,1200,,,3875,2897,2492,4429,Los Angeles-USA,West,
309,23-12-2023,CUST309,Female,26,Beauty,1,25,25,,,4317,2640,3825,2571,Lund-Sweden,North,
310,12-10-2023,CUST310,Female,28,Beauty,1,25,25,,,2327,3206,3811,3388,Hong Kong-China,South,
311,05-12-2023,CUST311,Female,32,Beauty,4,25,100,,,2891,4666,2606,2610,Nice-France,East,
312,07-09-2023,CUST312,Male,41,Clothing,4,30,120,,,3960,2495,3848,3708,Lund-Sweden,West,
313,21-03-2023,CUST313,Female,55,Beauty,3,500,1500,,,4869,3068,4306,2861,Hong Kong-China,North,
314,08-04-2023,CUST314,Male,52,Clothing,4,30,120,,,4242,4990,2369,3261,Nice-France,South,
315,01-06-2023,CUST315,Male,47,Clothing,2,30,60,,,3583,4950,3037,4435,Lund-Sweden,East,
316,22-04-2023,CUST316,Female,48,Clothing,2,25,50,,,3225,2319,4616,4660,Hong Kong-China,West,
317,30-01-2023,CUST317,Male,22,Electronics,3,30,90,,,4136,4446,3276,4048,Nice-France,North,
318,24-10-2023,CUST318,Male,61,Clothing,1,25,25,,,3815,3536,4891,2261,New York-USA,South,
319,05-10-2023,CUST319,Male,31,Clothing,1,500,500,,,4545,4424,2214,4444,Lund-Sweden,East,
320,01-02-2023,CUST320,Female,28,Electronics,4,300,1200,,,2033,2745,3139,4474,Hong Kong-China,West,
321,10-06-2023,CUST321,Female,26,Electronics,2,25,50,,,3038,2587,4631,3376,Nice-France,North,
322,30-01-2023,CUST322,Male,51,Electronics,1,500,500,,,2344,4584,4330,3033,Seattle-USA,South,
323,26-01-2023,CUST323,Female,29,Beauty,3,300,900,,,3597,2998,2278,2790,Atlantic City-USA,East,
324,27-10-2023,CUST324,Female,52,Electronics,3,50,150,,,2063,3851,3454,3381,Los Angeles-USA,West,
325,02-09-2023,CUST325,Female,52,Electronics,2,25,50,,,2591,2149,4311,4472,Lund-Sweden,North,
326,15-09-2023,CUST326,Female,18,Clothing,3,25,75,,,4866,2595,3355,3399,Hong Kong-China,South,
327,29-09-2023,CUST327,Male,57,Electronics,3,50,150,,,3528,3794,3602,4424,Nice-France,East,
328,22-03-2023,CUST328,Male,39,Beauty,2,50,100,,,3052,3711,4231,2231,Lund-Sweden,West,
329,30-01-2023,CUST329,Female,46,Electronics,4,25,100,,,4359,4685,4836,4439,Hong Kong-China,North,
330,18-09-2023,CUST330,Female,25,Beauty,4,50,200,,,3300,4963,2413,2933,Nice-France,South,
331,11-02-2023,CUST331,Male,28,Electronics,3,30,90,,,2305,4407,2003,3675,Lund-Sweden,East,
332,06-04-2023,CUST332,Male,58,Electronics,4,300,1200,,,3459,3188,2651,4204,Hong Kong-China,West,
333,05-02-2023,CUST333,Female,54,Electronics,4,300,1200,,,3411,4503,2939,2201,Nice-France,North,
334,01-11-2023,CUST334,Male,31,Electronics,3,300,900,,,2498,4058,3776,2926,New York-USA,South,
335,04-02-2023,CUST335,Female,47,Beauty,4,30,120,,,3764,4078,3092,4432,Lund-Sweden,East,
336,12-12-2023,CUST336,Female,52,Beauty,3,50,150,,,4607,2986,3473,3075,Hong Kong-China,West,
337,01-05-2023,CUST337,Male,38,Clothing,1,500,500,,,3625,4872,4480,2934,Nice-France,North,
338,26-07-2023,CUST338,Male,54,Beauty,2,50,100,,,2318,3291,2962,4614,Seattle-USA,South,
339,03-03-2023,CUST339,Female,22,Electronics,2,25,50,,,4276,3796,4152,3549,Atlantic City-USA,East,
340,19-10-2023,CUST340,Female,36,Clothing,4,300,1200,,,4704,2644,4487,4191,Los Angeles-USA,West,
341,07-05-2023,CUST341,Male,31,Clothing,4,50,200,,,3679,2074,2668,3633,Lund-Sweden,North,
342,24-10-2023,CUST342,Female,43,Clothing,4,500,2000,,,4373,3813,2720,3794,Hong Kong-China,South,
343,01-11-2023,CUST343,Male,21,Electronics,2,25,50,,,4524,2075,4979,3953,Nice-France,East,
344,21-01-2023,CUST344,Female,42,Beauty,1,30,30,,,4287,2552,4000,3872,Lund-Sweden,West,
345,14-11-2023,CUST345,Male,62,Electronics,1,30,30,,,3042,2631,4440,2215,Hong Kong-China,North,
346,11-02-2023,CUST346,Male,59,Clothing,2,500,1000,,,4244,4172,3057,2163,Nice-France,South,
347,03-08-2023,CUST347,Male,42,Electronics,1,25,25,,,4251,3596,2873,4848,Lund-Sweden,East,
348,03-12-2023,CUST348,Female,35,Electronics,2,300,600,,,3468,2488,4633,2087,Hong Kong-China,West,
349,26-10-2023,CUST349,Female,57,Beauty,1,50,50,,,3749,3152,2158,3118,Nice-France,North,
350,17-10-2023,CUST350,Male,25,Beauty,3,25,75,,,2762,3819,4404,2125,New York-USA,South,
351,25-09-2023,CUST351,Female,56,Clothing,3,30,90,,,4206,3219,2274,4841,Lund-Sweden,East,
352,11-06-2023,CUST352,Male,57,Electronics,2,500,1000,,,2358,2333,3562,2849,Hong Kong-China,West,
353,14-05-2023,CUST353,Male,31,Electronics,1,500,500,,,3866,3875,2882,2735,Nice-France,North,
354,15-04-2023,CUST354,Female,49,Beauty,4,50,200,,,2054,3971,3780,4799,Seattle-USA,South,
355,09-12-2023,CUST355,Female,55,Electronics,1,500,500,,,4197,2986,4767,2039,Atlantic City-USA,East,
356,10-06-2023,CUST356,Male,50,Electronics,3,500,1500,,,4255,2732,2324,4958,Los Angeles-USA,West,
357,03-05-2023,CUST357,Female,40,Electronics,3,25,75,,,4388,3578,3778,4883,Lund-Sweden,North,
358,16-05-2023,CUST358,Female,32,Beauty,1,300,300,,,3272,2805,3542,4533,Hong Kong-China,South,
359,22-07-2023,CUST359,Male,50,Clothing,1,50,50,,,4007,3989,3383,4982,Nice-France,East,
360,09-03-2023,CUST360,Male,42,Clothing,4,25,100,,,4163,3321,2621,4541,Lund-Sweden,West,
361,10-12-2023,CUST361,Female,34,Electronics,4,300,1200,,,3190,3341,3108,2286,Hong Kong-China,North,
362,27-11-2023,CUST362,Male,50,Clothing,1,25,25,,,2532,2297,2832,4406,Nice-France,South,
363,03-06-2023,CUST363,Male,64,Beauty,1,25,25,,,2286,3301,3738,3837,Lund-Sweden,East,
364,23-08-2023,CUST364,Female,19,Beauty,1,500,500,,,3900,4964,4060,2735,Hong Kong-China,West,
365,11-06-2023,CUST365,Male,31,Clothing,1,300,300,,,2219,2353,3763,4910,Nice-France,North,
366,07-02-2023,CUST366,Male,57,Clothing,2,50,100,,,3886,4682,4975,2705,New York-USA,South,
367,05-01-2023,CUST367,Female,57,Electronics,1,50,50,,,4544,2356,4183,2666,Lund-Sweden,East,
368,23-08-2023,CUST368,Female,56,Clothing,4,300,1200,,,4591,3289,4393,4842,Hong Kong-China,West,
369,15-11-2023,CUST369,Male,23,Electronics,3,500,1500,,,2703,4376,2772,4432,Nice-France,North,
370,16-10-2023,CUST370,Male,23,Electronics,2,30,60,,,4592,2450,3461,3114,Seattle-USA,South,
371,21-02-2023,CUST371,Female,20,Beauty,1,25,25,,,3914,4356,4226,4277,Atlantic City-USA,East,
372,07-02-2023,CUST372,Female,24,Beauty,3,500,1500,,,4592,4776,4577,2461,Los Angeles-USA,West,
373,03-10-2023,CUST373,Female,25,Beauty,2,300,600,,,2640,4357,3575,4780,Lund-Sweden,North,
374,20-04-2023,CUST374,Female,59,Beauty,3,25,75,,,2934,2911,3885,3648,Hong Kong-China,South,
375,17-09-2023,CUST375,Male,32,Clothing,1,50,50,,,4030,3328,2363,3398,Nice-France,East,
376,16-05-2023,CUST376,Female,64,Beauty,1,30,30,,,2068,3674,4196,2023,Lund-Sweden,West,
377,09-03-2023,CUST377,Female,46,Clothing,4,50,200,,,2809,2840,3660,4959,Hong Kong-China,North,
378,28-06-2023,CUST378,Male,50,Beauty,1,300,300,,,3704,2829,4351,2594,Nice-France,South,
379,05-02-2023,CUST379,Female,47,Clothing,1,25,25,,,3636,2991,2436,3068,Lund-Sweden,East,
380,06-05-2023,CUST380,Male,56,Electronics,2,300,600,,,3936,2290,4702,4233,Hong Kong-China,West,
381,09-07-2023,CUST381,Female,44,Clothing,4,25,100,,,4739,3686,2476,2984,Nice-France,North,
382,26-05-2023,CUST382,Female,53,Clothing,2,500,1000,,,3503,4709,2623,3700,New York-USA,South,
383,22-03-2023,CUST383,Female,46,Beauty,3,30,90,,,4567,3887,4169,4613,Lund-Sweden,East,
384,13-08-2023,CUST384,Male,55,Clothing,1,500,500,,,4154,4891,4037,2706,Hong Kong-China,West,
385,06-10-2023,CUST385,Male,50,Electronics,3,500,1500,,,2814,3633,2633,3010,Nice-France,North,
386,27-12-2023,CUST386,Female,54,Electronics,2,300,600,,,4661,4807,4440,2826,Seattle-USA,South,
387,04-06-2023,CUST387,Male,44,Beauty,1,30,30,,,3773,4480,4414,2030,Atlantic City-USA,East,
388,10-11-2023,CUST388,Male,50,Electronics,1,25,25,,,3770,4411,2415,3976,Los Angeles-USA,West,
389,01-12-2023,CUST389,Male,21,Clothing,2,25,50,,,3102,3481,4809,2230,Lund-Sweden,North,
390,28-09-2023,CUST390,Male,39,Electronics,2,50,100,,,2438,3279,2796,4609,Hong Kong-China,South,
391,05-01-2023,CUST391,Male,19,Beauty,2,25,50,,,3874,3415,3273,2137,Nice-France,East,
392,08-12-2023,CUST392,Male,27,Clothing,2,300,600,,,3883,4196,4567,4798,Lund-Sweden,West,
393,11-10-2023,CUST393,Female,22,Beauty,2,500,1000,,,3268,4690,4551,2849,Hong Kong-China,North,
394,03-06-2023,CUST394,Female,27,Clothing,1,500,500,,,4711,3535,4084,3532,Nice-France,South,
395,06-12-2023,CUST395,Male,50,Electronics,2,500,1000,,,4975,3416,3761,2842,Lund-Sweden,East,
396,23-02-2023,CUST396,Female,55,Beauty,1,30,30,,,3691,3554,4226,3601,Hong Kong-China,West,
397,10-03-2023,CUST397,Female,30,Beauty,1,25,25,,,3556,3523,2104,2373,Nice-France,North,
398,16-05-2023,CUST398,Female,48,Clothing,2,300,600,,,4926,3797,2415,2623,New York-USA,South,
399,01-03-2023,CUST399,Female,64,Beauty,2,30,60,,,2204,4928,4508,3601,Lund-Sweden,East,
400,24-02-2023,CUST400,Male,53,Clothing,4,50,200,,,2308,3823,2686,3367,Hong Kong-China,West,
401,11-10-2023,CUST401,Female,62,Clothing,1,300,300,,,2099,3826,3638,4914,Nice-France,North,
402,21-03-2023,CUST402,Female,41,Clothing,2,300,600,,,3668,4437,2524,2531,Seattle-USA,South,
403,20-05-2023,CUST403,Male,32,Clothing,2,300,600,,,2341,3393,4899,2953,Atlantic City-USA,East,
404,25-05-2023,CUST404,Male,46,Electronics,2,500,1000,,,4112,4380,4915,4306,Los Angeles-USA,West,
405,06-11-2023,CUST405,Female,25,Clothing,4,300,1200,,,2560,3062,3783,3384,Lund-Sweden,North,
406,18-04-2023,CUST406,Female,22,Beauty,4,25,100,,,3758,2603,2364,2280,Hong Kong-China,South,
407,25-06-2023,CUST407,Female,46,Electronics,3,300,900,,,2299,2893,4800,3130,Nice-France,East,
408,15-04-2023,CUST408,Female,64,Beauty,1,500,500,,,4178,4758,3141,3644,Lund-Sweden,West,
409,18-12-2023,CUST409,Female,21,Electronics,3,300,900,,,3166,4252,3452,4747,Hong Kong-China,North,
410,21-11-2023,CUST410,Female,29,Clothing,2,50,100,,,4933,2182,3866,2982,Nice-France,South,
411,16-05-2023,CUST411,Male,62,Electronics,4,50,200,,,3824,3188,2835,4921,Lund-Sweden,East,
412,16-09-2023,CUST412,Female,19,Electronics,4,500,2000,,,3529,3701,3441,2063,Hong Kong-China,West,
413,08-09-2023,CUST413,Female,44,Beauty,3,25,75,,,3127,4476,2757,3650,Nice-France,North,
414,09-05-2023,CUST414,Male,48,Beauty,4,25,100,,,4252,2226,2830,4130,New York-USA,South,
415,27-01-2023,CUST415,Male,53,Clothing,2,30,60,,,3920,4741,2025,2615,Lund-Sweden,East,
416,17-02-2023,CUST416,Male,53,Electronics,4,500,2000,,,3696,2687,4892,3693,Hong Kong-China,West,
417,21-11-2023,CUST417,Male,43,Electronics,3,300,900,,,2030,2731,4223,4566,Nice-France,North,
418,05-08-2023,CUST418,Female,60,Electronics,2,500,1000,,,2682,3789,3637,4265,Seattle-USA,South,
419,22-05-2023,CUST419,Female,44,Clothing,3,30,90,,,4299,3686,2547,4838,Atlantic City-USA,East,
420,23-01-2023,CUST420,Female,22,Clothing,4,500,2000,,,3151,3111,3028,3038,Los Angeles-USA,West,
421,02-01-2023,CUST421,Female,37,Clothing,3,500,1500,,,3275,3330,2515,3428,Lund-Sweden,North,
422,20-06-2023,CUST422,Female,28,Clothing,3,30,90,,,2093,4415,3978,4192,Hong Kong-China,South,
423,08-03-2023,CUST423,Female,27,Clothing,1,25,25,,,2327,3709,4724,3164,Nice-France,East,
424,23-11-2023,CUST424,Male,57,Beauty,4,300,1200,,,3924,3469,3971,3786,Lund-Sweden,West,
425,15-05-2023,CUST425,Female,55,Electronics,4,30,120,,,4322,3468,2035,3812,Hong Kong-China,North,
426,24-03-2023,CUST426,Male,23,Electronics,3,50,150,,,4442,3304,2685,4219,Nice-France,South,
427,15-08-2023,CUST427,Male,25,Electronics,1,25,25,,,3312,4013,2513,3552,Lund-Sweden,East,
428,10-10-2023,CUST428,Female,40,Electronics,4,50,200,,,4372,4836,2127,4827,Hong Kong-China,West,
429,28-12-2023,CUST429,Male,64,Electronics,2,25,50,,,3302,4124,2768,3062,Nice-France,North,
430,07-08-2023,CUST430,Female,43,Electronics,3,300,900,,,2301,2500,4721,3725,New York-USA,South,
431,15-10-2023,CUST431,Male,63,Electronics,4,300,1200,,,3154,4813,4810,4794,Lund-Sweden,East,
432,05-01-2023,CUST432,Female,60,Electronics,2,500,1000,,,4430,2754,4760,4206,Hong Kong-China,West,
433,27-02-2023,CUST433,Male,29,Beauty,4,50,200,,,2794,3930,4617,2372,Nice-France,North,
434,08-02-2023,CUST434,Female,43,Electronics,2,25,50,,,3211,4360,3910,4795,Seattle-USA,South,
435,20-12-2023,CUST435,Female,30,Beauty,3,300,900,,,2064,2775,2067,3539,Atlantic City-USA,East,
436,18-03-2023,CUST436,Female,57,Clothing,4,30,120,,,4795,4992,4562,2646,Los Angeles-USA,West,
437,07-10-2023,CUST437,Female,35,Electronics,4,300,1200,,,3094,3482,2152,4576,Lund-Sweden,North,
438,19-01-2023,CUST438,Female,42,Clothing,1,30,30,,,3744,3833,2429,2285,Hong Kong-China,South,
439,09-07-2023,CUST439,Male,50,Clothing,3,25,75,,,4819,2324,3885,2745,Nice-France,East,
440,26-10-2023,CUST440,Male,64,Clothing,2,300,600,,,3397,2452,3508,3391,Lund-Sweden,West,
441,10-10-2023,CUST441,Male,57,Beauty,4,300,1200,,,4783,4864,4717,3264,Hong Kong-China,North,
442,17-03-2023,CUST442,Female,60,Clothing,4,25,100,,,3232,3540,4989,4779,Nice-France,South,
443,09-08-2023,CUST443,Male,29,Clothing,2,300,600,,,3608,3637,2068,4752,Lund-Sweden,East,
444,07-03-2023,CUST444,Female,61,Clothing,3,30,90,,,3752,3266,3147,2262,Hong Kong-China,West,
445,22-01-2023,CUST445,Female,53,Electronics,1,300,300,,,2837,3066,3613,4092,Nice-France,North,
446,07-06-2023,CUST446,Male,21,Electronics,1,50,50,,,4628,4876,2730,3527,New York-USA,South,
447,06-07-2023,CUST447,Male,22,Beauty,4,500,2000,,,3393,2758,2856,4960,Lund-Sweden,East,
448,21-01-2023,CUST448,Female,54,Beauty,2,30,60,,,4708,3478,4991,2691,Hong Kong-China,West,
449,03-07-2023,CUST449,Male,25,Electronics,4,50,200,,,2840,2918,2754,4938,Nice-France,North,
450,18-04-2023,CUST450,Female,59,Beauty,2,25,50,,,3207,2325,4783,3107,Seattle-USA,South,
451,16-12-2023,CUST451,Female,45,Electronics,1,30,30,,,2187,2459,2061,2561,Atlantic City-USA,East,
452,08-05-2023,CUST452,Female,48,Clothing,3,500,1500,,,3615,2975,3479,3819,Los Angeles-USA,West,
453,08-12-2023,CUST453,Female,26,Clothing,2,500,1000,,,4879,4489,4219,2473,Lund-Sweden,North,
454,22-02-2023,CUST454,Female,46,Beauty,1,25,25,,,2867,3813,4750,3609,Hong Kong-China,South,
455,01-07-2023,CUST455,Male,31,Electronics,4,25,100,,,4190,2257,4629,2980,Nice-France,East,
456,14-10-2023,CUST456,Male,57,Electronics,2,30,60,,,3543,4321,3483,4243,Lund-Sweden,West,
457,28-07-2023,CUST457,Female,58,Beauty,3,300,900,,,2879,4471,2362,2494,Hong Kong-China,North,
458,14-11-2023,CUST458,Female,39,Electronics,4,25,100,,,3111,2532,3428,4409,Nice-France,South,
459,21-03-2023,CUST459,Male,28,Clothing,4,300,1200,,,4457,4870,3587,3598,Lund-Sweden,East,
460,02-05-2023,CUST460,Male,40,Beauty,1,50,50,,,2128,2293,4997,4678,Hong Kong-China,West,
461,25-03-2023,CUST461,Female,18,Beauty,2,500,1000,,,2317,3768,3477,2190,Nice-France,North,
462,01-04-2023,CUST462,Male,63,Electronics,4,300,1200,,,2408,3305,4384,2348,New York-USA,South,
463,31-07-2023,CUST463,Female,54,Beauty,3,500,1500,,,2448,2901,2407,4779,Lund-Sweden,East,
464,13-01-2023,CUST464,Male,38,Electronics,2,300,600,,,2818,2392,4835,3743,Hong Kong-China,West,
465,02-04-2023,CUST465,Female,43,Electronics,3,50,150,,,4113,3122,3690,3574,Nice-France,North,
466,20-06-2023,CUST466,Male,63,Electronics,4,25,100,,,2297,2276,4060,2871,Seattle-USA,South,
467,30-07-2023,CUST467,Female,53,Electronics,3,50,150,,,2883,4142,3745,4673,Atlantic City-USA,East,
468,09-12-2023,CUST468,Male,40,Electronics,1,25,25,,,2734,4735,4818,4643,Los Angeles-USA,West,
469,08-05-2023,CUST469,Male,18,Beauty,3,25,75,,,2025,3573,4915,4334,Lund-Sweden,North,
470,17-05-2023,CUST470,Female,57,Clothing,2,500,1000,,,2260,3355,2204,3652,Hong Kong-China,South,
471,23-03-2023,CUST471,Male,32,Clothing,3,50,150,,,3171,2957,2849,3476,Nice-France,East,
472,26-12-2023,CUST472,Female,38,Beauty,3,300,900,,,4134,2465,2860,4226,Lund-Sweden,West,
473,25-02-2023,CUST473,Male,64,Beauty,1,50,50,,,3917,4022,3384,2717,Hong Kong-China,North,
474,15-07-2023,CUST474,Female,26,Clothing,3,500,1500,,,2552,4400,2012,4589,Nice-France,South,
475,20-01-2023,CUST475,Male,26,Clothing,3,25,75,,,2446,2085,2584,4683,Lund-Sweden,East,
476,29-08-2023,CUST476,Female,27,Clothing,4,500,2000,,,3394,3306,3490,4383,Hong Kong-China,West,
477,24-04-2023,CUST477,Male,43,Clothing,4,30,120,,,3899,3442,2715,4808,Nice-France,North,
478,13-04-2023,CUST478,Female,58,Clothing,2,30,60,,,3648,3918,2547,4511,New York-USA,South,
479,24-08-2023,CUST479,Male,52,Electronics,4,300,1200,,,4034,4932,4611,3069,Lund-Sweden,East,
480,29-06-2023,CUST480,Female,42,Beauty,4,500,2000,,,3733,3151,3553,2493,Hong Kong-China,West,
481,06-06-2023,CUST481,Female,43,Electronics,4,300,1200,,,4371,2594,4445,4699,Nice-France,North,
482,27-04-2023,CUST482,Female,28,Clothing,4,300,1200,,,3365,3470,3724,3264,Seattle-USA,South,
483,25-04-2023,CUST483,Male,55,Clothing,1,30,30,,,4681,3424,3453,2750,Atlantic City-USA,East,
484,13-01-2023,CUST484,Female,19,Clothing,4,300,1200,,,4407,3803,4531,2353,Los Angeles-USA,West,
485,04-12-2023,CUST485,Male,24,Electronics,1,30,30,,,2675,2664,2166,2884,Lund-Sweden,North,
486,09-04-2023,CUST486,Female,35,Electronics,1,25,25,,,3957,4860,2482,4141,Hong Kong-China,South,
487,24-07-2023,CUST487,Male,44,Clothing,4,500,2000,,,3300,2513,3886,3564,Nice-France,East,
488,18-06-2023,CUST488,Female,51,Electronics,3,300,900,,,4938,4385,4611,2126,Lund-Sweden,West,
489,23-05-2023,CUST489,Male,44,Electronics,1,30,30,,,2556,4480,3852,3474,Hong Kong-China,North,
490,05-02-2023,CUST490,Male,34,Clothing,3,50,150,,,4751,2959,3220,4630,Nice-France,South,
491,23-05-2023,CUST491,Female,60,Electronics,3,300,900,,,4764,2229,3946,3863,Lund-Sweden,East,
492,29-06-2023,CUST492,Male,61,Beauty,4,25,100,,,3332,4911,4651,2392,Hong Kong-China,West,
493,25-11-2023,CUST493,Male,41,Beauty,2,25,50,,,2483,4258,4465,2997,Nice-France,North,
494,18-09-2023,CUST494,Female,42,Beauty,4,50,200,,,3452,3912,4395,3033,New York-USA,South,
495,24-07-2023,CUST495,Male,24,Beauty,2,30,60,,,2621,4190,2380,2809,Lund-Sweden,East,
496,14-12-2023,CUST496,Male,23,Clothing,2,300,600,,,4694,3507,4754,3745,Hong Kong-China,West,
497,02-10-2023,CUST497,Male,41,Clothing,4,30,120,,,4986,3805,2682,4760,Nice-France,North,
498,19-06-2023,CUST498,Female,50,Clothing,4,25,100,,,2005,3549,4631,2314,Seattle-USA,South,
499,15-01-2023,CUST499,Male,46,Beauty,2,30,60,,,2296,2231,3935,3217,Atlantic City-USA,East,
500,01-03-2023,CUST500,Female,60,Beauty,4,25,100,,,4232,4013,4670,2170,Los Angeles-USA,West,
501,14-05-2023,CUST501,Male,39,Electronics,2,30,60,,,4078,4925,4566,4552,Lund-Sweden,North,
502,02-04-2023,CUST502,Male,43,Electronics,3,50,150,,,2416,2877,2054,4685,Hong Kong-China,South,
503,25-10-2023,CUST503,Male,45,Beauty,4,500,2000,,,3369,4168,2605,4107,Nice-France,East,
504,16-05-2023,CUST504,Female,38,Beauty,3,50,150,,,3027,4980,2991,4597,Lund-Sweden,West,
505,20-01-2023,CUST505,Male,24,Beauty,1,50,50,,,3039,4670,3056,2381,Hong Kong-China,North,
506,25-02-2023,CUST506,Male,34,Beauty,3,500,1500,,,2807,2571,3640,4600,Nice-France,South,
507,02-11-2023,CUST507,Female,37,Electronics,3,500,1500,,,2517,4982,2363,3297,Lund-Sweden,East,
508,11-08-2023,CUST508,Male,58,Beauty,2,300,600,,,2289,3556,3519,4337,Hong Kong-China,West,
509,26-06-2023,CUST509,Female,37,Electronics,3,300,900,,,2400,3325,2182,3604,Nice-France,North,
510,10-06-2023,CUST510,Female,39,Beauty,4,50,200,,,3631,3821,3082,2881,New York-USA,South,
511,12-08-2023,CUST511,Male,45,Beauty,2,50,100,,,4662,3104,2070,2046,Lund-Sweden,East,
512,07-11-2023,CUST512,Female,57,Beauty,1,25,25,,,4016,4225,4076,2437,Hong Kong-China,West,
513,19-09-2023,CUST513,Male,24,Electronics,4,25,100,,,3850,4929,2821,4486,Nice-France,North,
514,01-03-2023,CUST514,Female,18,Electronics,1,300,300,,,3201,2151,3096,2682,Seattle-USA,South,
515,17-07-2023,CUST515,Female,49,Clothing,3,300,900,,,4700,4695,4930,2489,Atlantic City-USA,East,
516,23-10-2023,CUST516,Male,30,Beauty,4,25,100,,,2104,3121,4941,2790,Los Angeles-USA,West,
517,08-04-2023,CUST517,Female,47,Clothing,4,25,100,,,3922,4871,4206,3626,Lund-Sweden,North,
518,11-05-2023,CUST518,Female,40,Clothing,1,30,30,,,3466,3885,4725,3998,Hong Kong-China,South,
519,23-01-2023,CUST519,Female,36,Electronics,4,30,120,,,3961,4071,3446,2542,Nice-France,East,
520,29-12-2023,CUST520,Female,49,Electronics,4,25,100,,,3620,3716,4667,4972,Lund-Sweden,West,
521,12-08-2023,CUST521,Female,47,Clothing,4,30,120,,,2204,4501,3314,3939,Hong Kong-China,North,
522,01-01-2023,CUST522,Male,46,Beauty,3,500,1500,,,4100,4818,2659,2876,Nice-France,South,
523,24-09-2023,CUST523,Female,62,Electronics,1,300,300,,,2213,4246,3104,4670,Lund-Sweden,East,
524,03-10-2023,CUST524,Male,46,Beauty,4,300,1200,,,3471,2870,2661,3762,Hong Kong-China,West,
525,18-12-2023,CUST525,Female,47,Beauty,2,25,50,,,2779,4728,3562,3490,Nice-France,North,
526,10-12-2023,CUST526,Male,33,Clothing,2,50,100,,,3370,3210,2661,3218,New York-USA,South,
527,11-04-2023,CUST527,Male,57,Clothing,2,25,50,,,2555,2778,4808,3976,Lund-Sweden,East,
528,06-07-2023,CUST528,Female,36,Clothing,2,30,60,,,3876,2184,3327,4998,Hong Kong-China,West,
529,09-08-2023,CUST529,Female,35,Clothing,3,50,150,,,2798,4972,3410,4449,Nice-France,North,
530,05-02-2023,CUST530,Female,18,Electronics,4,30,120,,,2185,4873,3035,3899,Seattle-USA,South,
531,07-12-2023,CUST531,Male,31,Electronics,1,500,500,,,4395,2270,3414,3873,Atlantic City-USA,East,
532,19-06-2023,CUST532,Female,64,Clothing,4,30,120,,,4254,4903,3091,4917,Los Angeles-USA,West,
533,16-11-2023,CUST533,Male,19,Electronics,3,500,1500,,,2702,3629,2005,3703,Lund-Sweden,North,
534,10-06-2023,CUST534,Male,45,Clothing,2,500,1000,,,3320,2955,4839,2417,Hong Kong-China,South,
535,06-12-2023,CUST535,Male,47,Beauty,3,30,90,,,4550,3821,3864,3750,Nice-France,East,
536,05-03-2023,CUST536,Female,55,Beauty,4,30,120,,,3689,3790,2459,3853,Lund-Sweden,West,
537,03-06-2023,CUST537,Female,21,Beauty,1,500,500,,,3326,3516,4538,4194,Hong Kong-China,North,
538,17-09-2023,CUST538,Male,18,Clothing,3,50,150,,,4833,2847,2536,2130,Nice-France,South,
539,08-06-2023,CUST539,Male,25,Beauty,1,500,500,,,4167,2325,4817,2686,Lund-Sweden,East,
540,08-12-2023,CUST540,Female,46,Electronics,3,300,900,,,3165,3383,2520,4607,Hong Kong-China,West,
541,29-07-2023,CUST541,Male,56,Beauty,1,500,500,,,4581,3852,3868,4422,Nice-France,North,
542,17-06-2023,CUST542,Female,20,Beauty,1,50,50,,,3086,4510,3653,2314,New York-USA,South,
543,26-07-2023,CUST543,Male,49,Beauty,2,300,600,,,4719,4210,3841,3761,Lund-Sweden,East,
544,23-12-2023,CUST544,Female,27,Electronics,1,25,25,,,4323,4791,2448,4944,Hong Kong-China,West,
545,01-06-2023,CUST545,Male,27,Clothing,2,25,50,,,2860,2000,3874,4910,Nice-France,North,
546,11-10-2023,CUST546,Female,36,Electronics,4,50,200,,,4654,3730,3874,2715,Seattle-USA,South,
547,07-03-2023,CUST547,Male,63,Clothing,4,500,2000,,,4060,4860,2005,3969,Atlantic City-USA,East,
548,09-04-2023,CUST548,Female,51,Clothing,2,30,60,,,3648,3235,4719,2899,Los Angeles-USA,West,
549,04-08-2023,CUST549,Female,50,Beauty,2,50,100,,,4521,4133,3882,3375,Lund-Sweden,North,
550,07-12-2023,CUST550,Male,40,Clothing,3,300,900,,,2686,4148,3104,3305,Hong Kong-China,South,
551,14-07-2023,CUST551,Male,45,Electronics,3,300,900,,,4282,4440,4291,3375,Nice-France,East,
552,13-12-2023,CUST552,Female,49,Electronics,3,25,75,,,2418,3487,2531,4595,Lund-Sweden,West,
553,31-03-2023,CUST553,Male,24,Clothing,4,300,1200,,,2406,4439,3953,3428,Hong Kong-China,North,
554,12-11-2023,CUST554,Female,46,Beauty,3,50,150,,,4077,4477,4825,2736,Nice-France,South,
555,19-10-2023,CUST555,Male,25,Beauty,1,300,300,,,2879,3846,4008,3606,Lund-Sweden,East,
556,04-06-2023,CUST556,Female,18,Electronics,1,50,50,,,3253,4986,3584,3704,Hong Kong-China,West,
557,27-07-2023,CUST557,Female,20,Beauty,3,30,90,,,4804,2337,3673,4304,Nice-France,North,
558,08-10-2023,CUST558,Female,41,Clothing,1,25,25,,,3760,2015,2675,3850,New York-USA,South,
559,01-01-2023,CUST559,Female,40,Clothing,4,300,1200,,,2860,3506,2614,3214,Lund-Sweden,East,
560,05-06-2023,CUST560,Female,25,Electronics,1,50,50,,,4771,4324,3489,3319,Hong Kong-China,West,
561,27-05-2023,CUST561,Female,64,Clothing,4,500,2000,,,4486,4592,3524,3146,Nice-France,North,
562,18-04-2023,CUST562,Male,54,Electronics,2,25,50,,,2980,4033,2073,3892,Seattle-USA,South,
563,09-08-2023,CUST563,Male,20,Clothing,2,30,60,,,4403,3547,3752,4351,Atlantic City-USA,East,
564,24-10-2023,CUST564,Male,50,Electronics,2,50,100,,,4266,3978,4846,3071,Los Angeles-USA,West,
565,07-11-2023,CUST565,Female,45,Beauty,2,30,60,,,4834,3787,2074,4357,Lund-Sweden,North,
566,02-12-2023,CUST566,Female,64,Clothing,1,30,30,,,2935,2171,4145,3900,Hong Kong-China,South,
567,14-06-2023,CUST567,Female,25,Clothing,3,300,900,,,3178,4090,2973,2846,Nice-France,East,
568,27-08-2023,CUST568,Female,51,Electronics,1,300,300,,,2710,4768,4033,4297,Lund-Sweden,West,
569,15-08-2023,CUST569,Male,52,Electronics,4,50,200,,,3226,4659,4122,3655,Hong Kong-China,North,
570,15-08-2023,CUST570,Male,49,Clothing,1,500,500,,,2125,4961,2013,4621,Nice-France,South,
571,12-12-2023,CUST571,Female,41,Electronics,1,50,50,,,2308,4563,2594,2670,Lund-Sweden,East,
572,20-04-2023,CUST572,Male,31,Clothing,4,500,2000,,,3710,4017,3234,3096,Hong Kong-China,West,
573,19-09-2023,CUST573,Male,49,Beauty,2,30,60,,,4985,2452,3395,2353,Nice-France,North,
574,31-08-2023,CUST574,Female,63,Electronics,2,25,50,,,4278,4014,3040,4581,New York-USA,South,
575,28-03-2023,CUST575,Male,60,Clothing,2,50,100,,,3094,3880,2027,2052,Lund-Sweden,East,
576,04-12-2023,CUST576,Female,33,Beauty,3,50,150,,,2239,2168,3755,3346,Hong Kong-China,West,
577,13-02-2023,CUST577,Male,21,Beauty,4,500,2000,,,2656,4209,4776,2328,Nice-France,North,
578,26-05-2023,CUST578,Female,54,Clothing,4,30,120,,,4534,3398,2510,4954,Seattle-USA,South,
579,21-09-2023,CUST579,Female,38,Electronics,1,30,30,,,2051,2538,3478,4041,Atlantic City-USA,East,
580,06-12-2023,CUST580,Female,31,Clothing,3,500,1500,,,3638,4098,4068,2554,Los Angeles-USA,West,
581,21-11-2023,CUST581,Female,48,Beauty,2,30,60,,,2313,3340,4855,4548,Lund-Sweden,North,
582,14-11-2023,CUST582,Male,35,Clothing,3,300,900,,,4514,3943,2973,3728,Hong Kong-China,South,
583,21-06-2023,CUST583,Female,24,Electronics,4,25,100,,,4958,2705,3925,4059,Nice-France,East,
584,17-02-2023,CUST584,Female,27,Beauty,4,50,200,,,3475,2887,3064,2418,Lund-Sweden,West,
585,01-05-2023,CUST585,Female,24,Clothing,1,25,25,,,3912,4966,4199,2445,Hong Kong-China,North,
586,11-12-2023,CUST586,Male,50,Electronics,1,50,50,,,4407,2163,4101,4432,Nice-France,South,
587,08-06-2023,CUST587,Female,40,Beauty,4,300,1200,,,3117,2806,2955,4873,Lund-Sweden,East,
588,26-04-2023,CUST588,Male,38,Electronics,2,30,60,,,3475,4974,4003,2618,Hong Kong-China,West,
589,12-04-2023,CUST589,Female,36,Beauty,2,500,1000,,,3635,2684,3885,3512,Nice-France,North,
590,17-03-2023,CUST590,Male,36,Clothing,3,300,900,,,3093,2108,2864,2948,New York-USA,South,
591,13-01-2023,CUST591,Male,53,Electronics,4,25,100,,,4133,3079,4364,2811,Lund-Sweden,East,
592,24-01-2023,CUST592,Female,46,Beauty,4,500,2000,,,2122,3058,3697,4483,Hong Kong-China,West,
593,06-05-2023,CUST593,Male,35,Electronics,2,30,60,,,4555,4485,3660,3469,Nice-France,North,
594,01-09-2023,CUST594,Female,19,Electronics,2,300,600,,,3949,2085,2984,4056,Seattle-USA,South,
595,09-11-2023,CUST595,Female,18,Clothing,4,500,2000,,,4843,3284,2954,2954,Atlantic City-USA,East,
596,07-02-2023,CUST596,Female,64,Electronics,1,300,300,,,2918,4631,2170,3011,Los Angeles-USA,West,
597,22-08-2023,CUST597,Male,22,Beauty,4,300,1200,,,4675,3166,3252,2778,Lund-Sweden,North,
598,01-08-2023,CUST598,Male,37,Beauty,4,30,120,,,3765,3174,2921,2875,Hong Kong-China,South,
599,19-11-2023,CUST599,Female,28,Beauty,2,50,100,,,4359,3218,4905,4441,Nice-France,East,
600,22-10-2023,CUST600,Female,59,Beauty,2,500,1000,,,3582,3463,3325,2470,Lund-Sweden,West,
601,10-04-2023,CUST601,Male,19,Clothing,1,30,30,,,4785,3658,4477,2150,Hong Kong-China,North,
602,23-12-2023,CUST602,Female,20,Electronics,1,300,300,,,2291,4988,2321,4631,Nice-France,South,
603,16-07-2023,CUST603,Female,40,Clothing,3,30,90,,,4794,2421,4729,4450,Lund-Sweden,East,
604,11-09-2023,CUST604,Female,29,Electronics,4,50,200,,,2501,4051,3104,3553,Hong Kong-China,West,
605,24-07-2023,CUST605,Male,37,Electronics,2,500,1000,,,2353,3229,4145,3189,Nice-France,North,
606,05-05-2023,CUST606,Male,22,Electronics,1,50,50,,,3349,4601,4868,2290,New York-USA,South,
607,17-03-2023,CUST607,Male,54,Clothing,3,25,75,,,3739,3753,4468,4431,Lund-Sweden,East,
608,02-12-2023,CUST608,Female,55,Electronics,3,500,1500,,,2383,4870,3925,3098,Hong Kong-China,West,
609,19-12-2023,CUST609,Female,47,Clothing,2,50,100,,,3637,2604,2332,4669,Nice-France,North,
610,03-01-2023,CUST610,Female,26,Beauty,2,300,600,,,2509,4309,2970,4418,Seattle-USA,South,
611,24-02-2023,CUST611,Male,51,Beauty,3,500,1500,,,4151,4143,4477,4472,Atlantic City-USA,East,
612,06-08-2023,CUST612,Female,61,Electronics,1,500,500,,,4272,3627,3016,4580,Los Angeles-USA,West,
613,23-04-2023,CUST613,Female,52,Clothing,3,30,90,,,4191,3174,4576,4589,Lund-Sweden,North,
614,01-04-2023,CUST614,Female,39,Beauty,4,300,1200,,,4462,3652,2634,2097,Hong Kong-China,South,
615,23-12-2023,CUST615,Female,61,Clothing,4,25,100,,,2059,3877,4830,3682,Nice-France,East,
616,23-09-2023,CUST616,Male,41,Clothing,2,50,100,,,4068,2935,3784,3435,Lund-Sweden,West,
617,26-08-2023,CUST617,Male,34,Electronics,1,30,30,,,4245,4980,3859,2441,Hong Kong-China,North,
618,26-01-2023,CUST618,Female,27,Beauty,1,50,50,,,3211,2278,2009,2663,Nice-France,South,
619,13-10-2023,CUST619,Male,47,Electronics,4,25,100,,,3620,4845,2933,2522,Lund-Sweden,East,
620,08-05-2023,CUST620,Male,63,Electronics,3,25,75,,,4356,2573,3447,3124,Hong Kong-China,West,
621,04-03-2023,CUST621,Female,40,Beauty,2,500,1000,,,2998,3392,4874,2179,Nice-France,North,
622,22-08-2023,CUST622,Female,49,Beauty,3,25,75,,,2246,2894,4028,3333,New York-USA,South,
623,10-03-2023,CUST623,Male,34,Clothing,3,50,150,,,3481,4772,2366,3595,Lund-Sweden,East,
624,26-08-2023,CUST624,Female,34,Beauty,3,300,900,,,2394,3760,3357,3966,Hong Kong-China,West,
625,08-12-2023,CUST625,Male,31,Clothing,1,300,300,,,2710,4668,3855,2602,Nice-France,North,
626,29-09-2023,CUST626,Female,26,Clothing,4,500,2000,,,2874,3365,4053,3944,Seattle-USA,South,
627,14-10-2023,CUST627,Male,57,Clothing,1,50,50,,,3659,4143,4790,4590,Atlantic City-USA,East,
628,01-11-2023,CUST628,Female,19,Beauty,4,50,200,,,4462,2491,4351,3650,Los Angeles-USA,West,
629,12-06-2023,CUST629,Male,62,Electronics,2,25,50,,,4417,2191,3779,2359,Lund-Sweden,North,
630,15-08-2023,CUST630,Male,42,Clothing,2,50,100,,,3653,4486,4239,2215,Hong Kong-China,South,
631,10-11-2023,CUST631,Male,56,Electronics,3,30,90,,,4687,2536,3660,2509,Nice-France,East,
632,16-09-2023,CUST632,Female,26,Electronics,4,25,100,,,2927,4200,2374,4520,Lund-Sweden,West,
633,07-08-2023,CUST633,Male,39,Beauty,4,30,120,,,3944,3321,2291,4791,Hong Kong-China,North,
634,08-10-2023,CUST634,Male,60,Electronics,4,500,2000,,,2814,2984,3001,3283,Nice-France,South,
635,17-08-2023,CUST635,Female,63,Electronics,3,300,900,,,4208,3254,2363,2082,Lund-Sweden,East,
636,23-03-2023,CUST636,Female,21,Beauty,3,500,1500,,,3870,2621,3640,4681,Hong Kong-China,West,
637,01-09-2023,CUST637,Male,43,Clothing,2,300,600,,,4534,3401,2578,3792,Nice-France,North,
638,19-08-2023,CUST638,Male,46,Electronics,1,500,500,,,4043,4322,4619,2654,New York-USA,South,
639,13-05-2023,CUST639,Female,62,Beauty,4,50,200,,,3563,3645,2181,3206,Lund-Sweden,East,
640,07-05-2023,CUST640,Female,51,Electronics,4,30,120,,,3506,4213,3021,3137,Hong Kong-China,West,
641,23-11-2023,CUST641,Female,40,Electronics,1,300,300,,,4027,3710,3473,3510,Nice-France,North,
642,22-05-2023,CUST642,Female,54,Clothing,4,25,100,,,2275,3133,3416,2029,Seattle-USA,South,
643,24-09-2023,CUST643,Female,28,Electronics,3,30,90,,,3469,3013,3455,2624,Atlantic City-USA,East,
644,06-09-2023,CUST644,Male,23,Beauty,3,25,75,,,3053,4276,4199,3349,Los Angeles-USA,West,
645,17-11-2023,CUST645,Female,35,Electronics,4,30,120,,,4071,3162,2727,2205,Lund-Sweden,North,
646,03-05-2023,CUST646,Male,38,Clothing,3,30,90,,,4349,4870,4796,2908,Hong Kong-China,South,
647,21-05-2023,CUST647,Male,59,Clothing,3,500,1500,,,4390,3083,2393,2449,Nice-France,East,
648,14-08-2023,CUST648,Male,53,Beauty,4,300,1200,,,4593,4050,4267,2534,Lund-Sweden,West,
649,09-02-2023,CUST649,Female,58,Clothing,2,300,600,,,4516,3903,3178,2161,Hong Kong-China,North,
650,01-01-2024,CUST650,Male,55,Electronics,1,30,30,,,4613,2622,3900,2306,Nice-France,South,
651,27-05-2023,CUST651,Male,51,Clothing,3,50,150,,,2003,2072,2322,4463,Lund-Sweden,East,
652,01-05-2023,CUST652,Female,34,Beauty,2,50,100,,,3937,3762,3514,3001,Hong Kong-China,West,
653,20-05-2023,CUST653,Male,54,Clothing,3,25,75,,,3161,2172,4741,4813,Nice-France,North,
654,21-06-2023,CUST654,Male,42,Clothing,3,25,75,,,3788,4366,3281,4927,New York-USA,South,
655,13-06-2023,CUST655,Female,55,Clothing,1,500,500,,,4760,2229,3734,4077,Lund-Sweden,East,
656,04-10-2023,CUST656,Male,29,Beauty,3,30,90,,,4263,4748,2552,3496,Hong Kong-China,West,
657,11-02-2023,CUST657,Male,40,Clothing,1,25,25,,,3460,4757,3267,4561,Nice-France,North,
658,12-03-2023,CUST658,Male,59,Clothing,1,25,25,,,4064,2485,2505,3330,Seattle-USA,South,
659,19-03-2023,CUST659,Female,39,Electronics,1,30,30,,,3225,4714,2972,3041,Atlantic City-USA,East,
660,29-04-2023,CUST660,Female,38,Beauty,2,500,1000,,,2894,4629,2514,4875,Los Angeles-USA,West,
661,16-07-2023,CUST661,Female,44,Clothing,4,25,100,,,4540,3208,4437,2382,Lund-Sweden,North,
662,22-12-2023,CUST662,Male,48,Beauty,2,500,1000,,,3628,2008,3628,3200,Hong Kong-China,South,
663,20-03-2023,CUST663,Male,23,Clothing,4,300,1200,,,2906,4398,4556,3351,Nice-France,East,
664,28-12-2023,CUST664,Female,44,Clothing,4,500,2000,,,3640,2019,4449,2364,Lund-Sweden,West,
665,20-04-2023,CUST665,Male,57,Clothing,1,50,50,,,3468,2417,4935,4695,Hong Kong-China,North,
666,02-02-2023,CUST666,Male,51,Electronics,3,50,150,,,4013,4146,2865,4358,Nice-France,South,
667,01-08-2023,CUST667,Female,29,Electronics,1,500,500,,,2474,4123,3173,3287,Lund-Sweden,East,
668,28-07-2023,CUST668,Female,62,Electronics,3,50,150,,,3036,2682,3416,2129,Hong Kong-China,West,
669,19-06-2023,CUST669,Male,24,Beauty,4,300,1200,,,4375,4567,2798,4223,Nice-France,North,
670,05-10-2023,CUST670,Male,27,Beauty,1,30,30,,,3482,2551,3079,2109,New York-USA,South,
671,27-08-2023,CUST671,Male,62,Electronics,3,50,150,,,4225,3409,4055,2439,Lund-Sweden,East,
672,01-08-2023,CUST672,Female,34,Beauty,2,50,100,,,3872,4853,2680,3591,Hong Kong-China,West,
673,01-02-2023,CUST673,Female,43,Clothing,3,500,1500,,,4830,4065,3840,3758,Nice-France,North,
674,16-04-2023,CUST674,Female,38,Clothing,1,300,300,,,2683,2082,3647,4826,Seattle-USA,South,
675,04-08-2023,CUST675,Female,45,Clothing,2,30,60,,,2380,2205,3687,4170,Atlantic City-USA,East,
676,19-07-2023,CUST676,Male,63,Electronics,3,500,1500,,,2509,3350,3609,4279,Los Angeles-USA,West,
677,27-10-2023,CUST677,Female,19,Beauty,3,500,1500,,,4633,3497,2790,2120,Lund-Sweden,North,
678,23-12-2023,CUST678,Female,60,Electronics,3,300,900,,,4917,2497,2021,2573,Hong Kong-China,South,
679,11-01-2023,CUST679,Female,18,Beauty,3,30,90,,,3460,4777,2090,3720,Nice-France,East,
680,22-10-2023,CUST680,Female,53,Clothing,3,300,900,,,4443,3221,4868,4088,Lund-Sweden,West,
681,14-07-2023,CUST681,Female,43,Electronics,2,30,60,,,4111,3480,2991,4782,Hong Kong-China,North,
682,02-09-2023,CUST682,Male,46,Beauty,4,300,1200,,,4433,2307,2983,2688,Nice-France,South,
683,04-01-2023,CUST683,Male,38,Beauty,2,500,1000,,,4133,4387,4102,3969,Lund-Sweden,East,
684,30-06-2023,CUST684,Female,28,Clothing,2,500,1000,,,4260,3878,2049,2514,Hong Kong-China,West,
685,02-06-2023,CUST685,Male,57,Electronics,2,25,50,,,3234,2591,3836,2296,Nice-France,North,
686,19-07-2023,CUST686,Female,28,Electronics,4,50,200,,,2870,3298,2116,3344,New York-USA,South,
687,03-08-2023,CUST687,Female,53,Electronics,1,300,300,,,2384,3587,3718,3580,Lund-Sweden,East,
688,03-10-2023,CUST688,Male,56,Clothing,4,25,100,,,4287,3460,2068,3653,Hong Kong-China,West,
689,07-10-2023,CUST689,Male,57,Electronics,2,50,100,,,3532,3844,3274,4954,Nice-France,North,
690,05-11-2023,CUST690,Female,52,Clothing,3,300,900,,,2440,2489,4654,3546,Seattle-USA,South,
691,23-04-2023,CUST691,Female,51,Clothing,3,30,90,,,2903,3350,3136,3069,Atlantic City-USA,East,
692,07-09-2023,CUST692,Female,64,Clothing,2,50,100,,,4140,3291,3114,2958,Los Angeles-USA,West,
693,23-04-2023,CUST693,Male,41,Beauty,3,500,1500,,,2113,3661,2855,4285,Lund-Sweden,North,
694,20-05-2023,CUST694,Female,39,Electronics,2,25,50,,,2304,4617,4494,4631,Hong Kong-China,South,
695,12-08-2023,CUST695,Female,22,Electronics,3,50,150,,,3581,2769,3881,2572,Nice-France,East,
696,06-09-2023,CUST696,Female,50,Clothing,4,50,200,,,2953,3949,4701,3718,Lund-Sweden,West,
697,15-01-2023,CUST697,Male,53,Clothing,1,500,500,,,2753,4358,4966,2314,Hong Kong-China,North,
698,19-07-2023,CUST698,Female,64,Electronics,1,300,300,,,2053,4643,2531,3579,Nice-France,South,
699,22-06-2023,CUST699,Female,37,Clothing,4,30,120,,,4360,4513,2396,2430,Lund-Sweden,East,
700,09-12-2023,CUST700,Male,36,Electronics,4,500,2000,,,2276,4647,4174,3158,Hong Kong-China,West,
701,14-12-2023,CUST701,Female,52,Beauty,2,30,60,,,3664,2562,2344,2510,Nice-France,North,
702,27-07-2023,CUST702,Female,60,Clothing,2,300,600,,,2434,4715,4460,4731,New York-USA,South,
703,26-03-2023,CUST703,Male,34,Electronics,2,50,100,,,2165,3767,3617,3871,Lund-Sweden,East,
704,28-08-2023,CUST704,Female,62,Clothing,3,30,90,,,3753,2048,4125,4172,Hong Kong-China,West,
705,07-03-2023,CUST705,Male,60,Electronics,2,25,50,,,2706,4901,3109,4058,Nice-France,North,
706,15-11-2023,CUST706,Male,51,Electronics,4,25,100,,,4181,2644,4968,2401,Seattle-USA,South,
707,01-10-2023,CUST707,Female,26,Clothing,1,500,500,,,3508,3046,3332,4856,Atlantic City-USA,East,
708,14-01-2023,CUST708,Female,43,Beauty,3,300,900,,,2834,2106,3926,3798,Los Angeles-USA,West,
709,21-07-2023,CUST709,Female,19,Electronics,2,500,1000,,,2638,2245,2822,4662,Lund-Sweden,North,
710,31-10-2023,CUST710,Female,26,Electronics,3,500,1500,,,3482,2220,3378,3858,Hong Kong-China,South,
711,16-10-2023,CUST711,Male,26,Electronics,3,500,1500,,,3741,3874,4084,2995,Nice-France,East,
712,06-12-2023,CUST712,Female,57,Beauty,2,25,50,,,2801,4322,3904,3039,Lund-Sweden,West,
713,14-01-2023,CUST713,Male,34,Beauty,3,25,75,,,4967,3334,4170,4335,Hong Kong-China,North,
714,12-02-2023,CUST714,Female,18,Clothing,1,500,500,,,4982,3812,2937,3026,Nice-France,South,
715,26-11-2023,CUST715,Female,42,Beauty,4,25,100,,,3600,2073,3348,4669,Lund-Sweden,East,
716,08-08-2023,CUST716,Female,60,Clothing,4,300,1200,,,4937,3707,4942,3251,Hong Kong-China,West,
717,11-03-2023,CUST717,Male,57,Clothing,1,500,500,,,3140,2929,3995,3891,Nice-France,North,
718,25-08-2023,CUST718,Female,59,Beauty,3,25,75,,,2880,4495,3267,4415,New York-USA,South,
719,04-04-2023,CUST719,Female,42,Clothing,2,30,60,,,4794,4024,3446,2365,Lund-Sweden,East,
720,26-01-2023,CUST720,Female,56,Beauty,3,500,1500,,,3091,4051,2462,2209,Hong Kong-China,West,
721,14-05-2023,CUST721,Female,52,Clothing,1,500,500,,,3912,4061,3156,2806,Nice-France,North,
722,14-07-2023,CUST722,Male,20,Beauty,3,300,900,,,3982,2589,4155,4665,Seattle-USA,South,
723,17-06-2023,CUST723,Female,54,Beauty,4,50,200,,,2869,3412,2064,2886,Atlantic City-USA,East,
724,19-04-2023,CUST724,Male,61,Clothing,3,50,150,,,3519,3842,3061,4929,Los Angeles-USA,West,
725,21-08-2023,CUST725,Male,61,Electronics,1,300,300,,,2193,3171,4587,2655,Lund-Sweden,North,
726,17-06-2023,CUST726,Male,47,Clothing,4,300,1200,,,2030,3471,4838,2316,Hong Kong-China,South,
727,22-06-2023,CUST727,Male,55,Beauty,3,300,900,,,4438,3354,3897,4298,Nice-France,East,
728,14-07-2023,CUST728,Male,51,Electronics,3,50,150,,,3063,2584,4932,3891,Lund-Sweden,West,
729,23-05-2023,CUST729,Male,29,Clothing,4,300,1200,,,4529,2227,4663,3914,Hong Kong-China,North,
730,04-08-2023,CUST730,Female,36,Clothing,2,25,50,,,3211,2672,3494,4085,Nice-France,South,
731,10-05-2023,CUST731,Male,54,Clothing,4,500,2000,,,2544,3126,2218,2821,Lund-Sweden,East,
732,11-02-2023,CUST732,Male,61,Electronics,2,500,1000,,,3958,2768,3942,2134,Hong Kong-China,West,
733,29-08-2023,CUST733,Male,34,Beauty,1,30,30,,,3607,2482,3382,4998,Nice-France,North,
734,10-01-2023,CUST734,Female,27,Clothing,1,30,30,,,4662,4235,2061,2834,New York-USA,South,
735,04-10-2023,CUST735,Female,64,Clothing,4,500,2000,,,3312,2287,3625,3171,Lund-Sweden,East,
736,27-01-2023,CUST736,Male,29,Clothing,4,25,100,,,3408,2175,4487,3061,Hong Kong-China,West,
737,29-06-2023,CUST737,Female,33,Clothing,1,50,50,,,2636,2320,4405,4240,Nice-France,North,
738,25-04-2023,CUST738,Male,41,Clothing,2,50,100,,,3559,3256,4846,3175,Seattle-USA,South,
739,29-11-2023,CUST739,Male,36,Beauty,1,25,25,,,4440,3701,4966,3778,Atlantic City-USA,East,
740,05-02-2023,CUST740,Female,25,Beauty,4,50,200,,,2429,2586,3542,4791,Los Angeles-USA,West,
741,30-11-2023,CUST741,Male,48,Clothing,1,300,300,,,4613,3351,4801,4891,Lund-Sweden,North,
742,21-01-2023,CUST742,Female,38,Electronics,4,500,2000,,,4037,4296,4117,2054,Hong Kong-China,South,
743,16-01-2023,CUST743,Female,34,Beauty,4,500,2000,,,4890,2194,3065,4087,Nice-France,East,
744,07-05-2023,CUST744,Male,40,Electronics,1,25,25,,,3840,4063,3947,2651,Lund-Sweden,West,
745,13-04-2023,CUST745,Male,54,Beauty,2,50,100,,,2083,2961,3663,2903,Hong Kong-China,North,
746,11-01-2023,CUST746,Female,33,Clothing,3,30,90,,,2727,3447,2966,4627,Nice-France,South,
747,15-11-2023,CUST747,Male,23,Beauty,1,30,30,,,4909,4939,2890,3347,Lund-Sweden,East,
748,20-03-2023,CUST748,Male,25,Clothing,3,50,150,,,4623,3659,2082,2273,Hong Kong-China,West,
749,03-05-2023,CUST749,Male,42,Beauty,1,30,30,,,2705,3407,2295,2834,Nice-France,North,
750,06-03-2023,CUST750,Female,35,Clothing,3,25,75,,,2014,4563,2575,4306,New York-USA,South,
751,31-08-2023,CUST751,Female,42,Clothing,2,25,50,,,4204,3720,4411,4990,Lund-Sweden,East,
752,09-12-2023,CUST752,Male,29,Clothing,2,50,100,,,2936,2737,3296,4706,Hong Kong-China,West,
753,28-02-2023,CUST753,Female,32,Clothing,1,30,30,,,3803,4539,4822,2546,Nice-France,North,
754,16-10-2023,CUST754,Female,43,Electronics,4,25,100,,,4016,4650,4846,3933,Seattle-USA,South,
755,22-04-2023,CUST755,Female,58,Clothing,3,25,75,,,2040,4741,3721,3030,Atlantic City-USA,East,
756,27-08-2023,CUST756,Female,62,Electronics,4,300,1200,,,2621,2997,4815,2376,Los Angeles-USA,West,
757,25-12-2023,CUST757,Female,43,Electronics,4,300,1200,,,3000,2523,2405,4870,Lund-Sweden,North,
758,12-05-2023,CUST758,Male,64,Clothing,4,25,100,,,3534,2330,3333,3931,Hong Kong-China,South,
759,08-07-2023,CUST759,Male,49,Electronics,2,50,100,,,2923,3830,2721,3873,Nice-France,East,
760,27-03-2023,CUST760,Male,27,Beauty,1,500,500,,,2600,2773,4272,4725,Lund-Sweden,West,
761,07-11-2023,CUST761,Female,33,Clothing,1,500,500,,,2084,4588,2237,4927,Hong Kong-China,North,
762,07-11-2023,CUST762,Female,24,Electronics,2,25,50,,,3515,3912,2869,3739,Nice-France,South,
763,28-02-2023,CUST763,Male,34,Clothing,2,25,50,,,4451,4415,2185,4471,Lund-Sweden,East,
764,25-03-2023,CUST764,Female,40,Clothing,1,25,25,,,3177,2023,2277,4765,Hong Kong-China,West,
765,09-06-2023,CUST765,Male,43,Clothing,4,50,200,,,3645,2444,2654,2280,Nice-France,North,
766,25-02-2023,CUST766,Male,38,Electronics,3,300,900,,,4464,4026,2942,4555,New York-USA,South,
767,24-10-2023,CUST767,Male,39,Beauty,3,25,75,,,3907,2050,2015,3759,Lund-Sweden,East,
768,14-01-2023,CUST768,Female,24,Beauty,3,25,75,,,4199,2367,4365,4241,Hong Kong-China,West,
769,09-06-2023,CUST769,Female,31,Electronics,4,30,120,,,3002,2791,4150,2259,Nice-France,North,
770,22-10-2023,CUST770,Male,32,Clothing,1,50,50,,,3367,2272,4632,4907,Seattle-USA,South,
771,13-12-2023,CUST771,Male,24,Electronics,2,25,50,,,4113,4148,2382,2538,Atlantic City-USA,East,
772,12-07-2023,CUST772,Male,26,Electronics,1,30,30,,,3536,4576,3565,4466,Los Angeles-USA,West,
773,23-07-2023,CUST773,Male,25,Electronics,4,500,2000,,,4478,4726,3143,4596,Lund-Sweden,North,
774,12-04-2023,CUST774,Female,40,Clothing,2,25,50,,,4690,3279,4538,2055,Hong Kong-China,South,
775,08-02-2023,CUST775,Female,46,Electronics,4,25,100,,,2345,3926,3802,2704,Nice-France,East,
776,31-10-2023,CUST776,Male,35,Clothing,3,30,90,,,4658,4506,3024,3306,Lund-Sweden,West,
777,20-12-2023,CUST777,Male,48,Electronics,3,50,150,,,4269,4134,4512,3531,Hong Kong-China,North,
778,18-11-2023,CUST778,Female,47,Beauty,4,25,100,,,3843,3216,3008,3274,Nice-France,South,
779,05-05-2023,CUST779,Female,56,Electronics,2,500,1000,,,2113,2940,2253,4631,Lund-Sweden,East,
780,22-02-2023,CUST780,Male,52,Electronics,2,25,50,,,3687,2582,3562,3955,Hong Kong-China,West,
781,23-12-2023,CUST781,Male,35,Beauty,1,500,500,,,2145,3534,2098,4407,Nice-France,North,
782,04-06-2023,CUST782,Male,59,Clothing,3,300,900,,,3222,4324,3598,2181,New York-USA,South,
783,17-12-2023,CUST783,Female,56,Clothing,1,300,300,,,3762,4888,3113,2654,Lund-Sweden,East,
784,04-11-2023,CUST784,Female,34,Electronics,1,500,500,,,4990,4708,4913,4536,Hong Kong-China,West,
785,03-03-2023,CUST785,Female,31,Beauty,4,50,200,,,4338,4022,3609,4974,Nice-France,North,
786,17-10-2023,CUST786,Male,48,Clothing,4,25,100,,,3782,2281,3961,4321,Seattle-USA,South,
787,22-01-2023,CUST787,Male,41,Electronics,1,25,25,,,3485,3793,2775,4175,Atlantic City-USA,East,
788,27-06-2023,CUST788,Female,52,Beauty,3,300,900,,,4076,2909,4161,3888,Los Angeles-USA,West,
789,30-09-2023,CUST789,Female,61,Clothing,4,500,2000,,,2696,4223,2896,3662,Lund-Sweden,North,
790,08-08-2023,CUST790,Male,62,Clothing,1,25,25,,,2670,3245,2640,2593,Hong Kong-China,South,
791,05-12-2023,CUST791,Female,51,Beauty,1,25,25,,,3438,3893,3158,4446,Nice-France,East,
792,09-07-2023,CUST792,Female,20,Beauty,1,50,50,,,3880,4245,3038,2488,Lund-Sweden,West,
793,05-02-2023,CUST793,Male,54,Beauty,1,30,30,,,2495,2743,3839,4715,Hong Kong-China,North,
794,17-09-2023,CUST794,Female,60,Beauty,1,300,300,,,3607,4982,3256,3262,Nice-France,South,
795,28-11-2023,CUST795,Male,57,Electronics,1,300,300,,,4926,3006,2666,2295,Lund-Sweden,East,
796,24-06-2023,CUST796,Male,43,Beauty,4,30,120,,,2933,3019,4911,2339,Hong Kong-China,West,
797,07-01-2023,CUST797,Male,40,Clothing,3,25,75,,,4377,4444,3260,2771,Nice-France,North,
798,04-08-2023,CUST798,Male,61,Clothing,1,50,50,,,2862,2292,4002,2212,New York-USA,South,
799,08-09-2023,CUST799,Male,56,Electronics,2,50,100,,,2730,2285,2315,3686,Lund-Sweden,East,
800,24-02-2023,CUST800,Male,32,Clothing,4,300,1200,,,2089,2110,4581,3366,Hong Kong-China,West,
801,10-08-2023,CUST801,Male,21,Clothing,4,50,200,,,3754,2367,4972,4752,Nice-France,North,
802,05-07-2023,CUST802,Female,46,Beauty,1,30,30,,,3429,2331,3054,3255,Seattle-USA,South,
803,22-11-2023,CUST803,Male,39,Clothing,4,25,100,,,3655,3736,3212,2690,Atlantic City-USA,East,
804,24-08-2023,CUST804,Male,42,Electronics,1,30,30,,,3499,4219,3443,2301,Los Angeles-USA,West,
805,29-12-2023,CUST805,Female,30,Beauty,3,500,1500,,,4752,2130,4807,3052,Lund-Sweden,North,
806,20-03-2023,CUST806,Female,35,Beauty,3,300,900,,,3894,2887,4502,2005,Hong Kong-China,South,
807,11-08-2023,CUST807,Female,50,Electronics,4,50,200,,,2866,3810,4874,3039,Nice-France,East,
808,01-04-2023,CUST808,Male,33,Beauty,4,500,2000,,,3699,3144,4050,3127,Lund-Sweden,West,
809,25-09-2023,CUST809,Female,62,Beauty,2,50,100,,,3838,4775,4173,3533,Hong Kong-China,North,
810,30-11-2023,CUST810,Male,59,Electronics,4,25,100,,,4134,4463,3609,3034,Nice-France,South,
811,19-05-2023,CUST811,Male,61,Beauty,2,25,50,,,4265,3218,3562,2411,Lund-Sweden,East,
812,12-11-2023,CUST812,Male,19,Electronics,3,25,75,,,3480,3127,4265,3904,Hong Kong-China,West,
813,03-10-2023,CUST813,Male,52,Electronics,3,50,150,,,2157,3825,2250,4786,Nice-France,North,
814,05-09-2023,CUST814,Female,59,Clothing,1,500,500,,,3214,2142,2418,3385,New York-USA,South,
815,27-08-2023,CUST815,Female,51,Clothing,3,25,75,,,2163,2425,4836,2240,Lund-Sweden,East,
816,12-08-2023,CUST816,Male,47,Beauty,2,500,1000,,,4900,2188,3304,2649,Hong Kong-China,West,
817,31-10-2023,CUST817,Male,30,Beauty,4,50,200,,,2315,2140,4120,3964,Nice-France,North,
818,18-05-2023,CUST818,Male,30,Electronics,1,500,500,,,4699,3715,4449,4008,Seattle-USA,South,
819,15-06-2023,CUST819,Female,35,Beauty,2,50,100,,,2738,2902,2294,4629,Atlantic City-USA,East,
820,06-05-2023,CUST820,Male,49,Electronics,4,50,200,,,2879,4289,2965,4067,Los Angeles-USA,West,
821,14-02-2023,CUST821,Male,49,Electronics,1,300,300,,,2565,4936,4963,2517,Lund-Sweden,North,
822,23-05-2023,CUST822,Female,52,Beauty,3,50,150,,,3699,4853,2411,4066,Hong Kong-China,South,
823,19-08-2023,CUST823,Female,56,Electronics,2,50,100,,,2268,3727,4643,3951,Nice-France,East,
824,05-05-2023,CUST824,Male,63,Clothing,4,30,120,,,3126,3212,3135,3650,Lund-Sweden,West,
825,26-08-2023,CUST825,Female,46,Beauty,1,25,25,,,2788,4318,2802,4473,Hong Kong-China,North,
826,19-10-2023,CUST826,Female,46,Clothing,1,300,300,,,4276,3457,3382,4922,Nice-France,South,
827,09-11-2023,CUST827,Male,61,Beauty,3,300,900,,,3305,2508,2499,2342,Lund-Sweden,East,
828,09-12-2023,CUST828,Female,33,Electronics,4,300,1200,,,4638,4524,3594,3328,Hong Kong-China,West,
829,14-07-2023,CUST829,Male,61,Beauty,3,30,90,,,2550,3768,2244,2313,Nice-France,North,
830,22-06-2023,CUST830,Female,64,Clothing,3,50,150,,,4726,2833,3259,4640,New York-USA,South,
831,15-01-2023,CUST831,Male,27,Electronics,4,25,100,,,2884,4524,4587,4667,Lund-Sweden,East,
832,11-09-2023,CUST832,Male,47,Beauty,4,500,2000,,,2055,3810,3392,2097,Hong Kong-China,West,
833,16-06-2023,CUST833,Male,42,Beauty,4,50,200,,,4674,4325,3476,4421,Nice-France,North,
834,04-04-2023,CUST834,Female,56,Beauty,2,30,60,,,2390,3033,2879,2266,Seattle-USA,South,
835,07-09-2023,CUST835,Male,37,Clothing,4,50,200,,,3365,4487,2310,4865,Atlantic City-USA,East,
836,19-04-2023,CUST836,Female,22,Clothing,1,50,50,,,3615,4510,2227,4334,Los Angeles-USA,West,
837,01-07-2023,CUST837,Male,18,Beauty,3,30,90,,,4594,4382,3422,4202,Lund-Sweden,North,
838,13-05-2023,CUST838,Male,47,Electronics,2,300,600,,,4904,4631,4321,4437,Hong Kong-China,South,
839,24-06-2023,CUST839,Female,20,Electronics,4,300,1200,,,3882,3178,3833,3294,Nice-France,East,
840,24-05-2023,CUST840,Male,62,Clothing,2,25,50,,,4341,2065,4012,2526,Lund-Sweden,West,
841,02-11-2023,CUST841,Male,31,Electronics,4,25,100,,,3354,4758,3209,2049,Hong Kong-China,North,
842,26-12-2023,CUST842,Female,47,Clothing,2,300,600,,,3607,3497,4528,2333,Nice-France,South,
843,22-05-2023,CUST843,Male,21,Beauty,3,500,1500,,,2956,3807,3509,3930,Lund-Sweden,East,
844,12-10-2023,CUST844,Male,35,Clothing,3,50,150,,,3127,2117,3089,2466,Hong Kong-China,West,
845,06-01-2023,CUST845,Male,54,Clothing,1,500,500,,,3834,2026,4242,3349,Nice-France,North,
846,22-09-2023,CUST846,Male,42,Beauty,1,50,50,,,2956,2026,2840,2356,New York-USA,South,
847,08-04-2023,CUST847,Female,18,Electronics,4,300,1200,,,2959,4222,4206,4073,Lund-Sweden,East,
848,13-02-2023,CUST848,Female,63,Clothing,3,25,75,,,2371,3198,2214,4263,Hong Kong-China,West,
849,04-05-2023,CUST849,Male,32,Clothing,2,25,50,,,4871,3416,4149,4833,Nice-France,North,
850,28-07-2023,CUST850,Female,26,Beauty,2,500,1000,,,4931,3856,4212,3368,Seattle-USA,South,
851,08-09-2023,CUST851,Male,32,Electronics,2,25,50,,,2330,2201,4446,3313,Atlantic City-USA,East,
852,12-10-2023,CUST852,Female,41,Clothing,1,300,300,,,4824,3833,2569,2800,Los Angeles-USA,West,
853,04-05-2023,CUST853,Male,21,Beauty,2,500,1000,,,3807,2492,2612,4390,Lund-Sweden,North,
854,20-12-2023,CUST854,Male,29,Clothing,1,50,50,,,2322,4532,4674,3469,Hong Kong-China,South,
855,01-09-2023,CUST855,Male,54,Beauty,1,25,25,,,4533,3619,4315,2295,Nice-France,East,
856,27-11-2023,CUST856,Male,54,Electronics,4,30,120,,,3595,2143,3725,3804,Lund-Sweden,West,
857,31-12-2023,CUST857,Male,60,Electronics,2,25,50,,,4089,4088,4209,2064,Hong Kong-China,North,
858,09-09-2023,CUST858,Male,23,Electronics,2,50,100,,,4832,3286,2583,4701,Nice-France,South,
859,18-08-2023,CUST859,Female,56,Electronics,3,500,1500,,,4878,4915,4721,3537,Lund-Sweden,East,
860,09-01-2023,CUST860,Male,63,Clothing,4,50,200,,,2445,4773,2151,3498,Hong Kong-China,West,
861,17-02-2023,CUST861,Female,41,Clothing,3,30,90,,,3355,2779,3956,2605,Nice-France,North,
862,31-05-2023,CUST862,Male,28,Electronics,4,300,1200,,,3274,3981,2525,3500,New York-USA,South,
863,24-04-2023,CUST863,Female,30,Electronics,2,25,50,,,3111,3536,2331,4131,Lund-Sweden,East,
864,27-07-2023,CUST864,Female,51,Electronics,1,500,500,,,3995,4697,4533,3452,Hong Kong-China,West,
865,21-12-2023,CUST865,Female,42,Clothing,1,300,300,,,4131,2880,3560,4165,Nice-France,North,
866,05-05-2023,CUST866,Male,24,Electronics,1,50,50,,,3903,2384,2104,4306,Seattle-USA,South,
867,06-06-2023,CUST867,Male,21,Electronics,1,500,500,,,2627,3792,3529,2491,Atlantic City-USA,East,
868,06-12-2023,CUST868,Female,25,Electronics,1,300,300,,,2259,3499,2985,2474,Los Angeles-USA,West,
869,25-10-2023,CUST869,Male,37,Beauty,3,500,1500,,,2689,3866,3469,4149,Lund-Sweden,North,
870,08-07-2023,CUST870,Female,46,Electronics,4,30,120,,,4218,3976,3303,2636,Hong Kong-China,South,
871,31-08-2023,CUST871,Male,62,Beauty,2,30,60,,,4971,4586,3574,4198,Nice-France,East,
872,11-10-2023,CUST872,Female,63,Beauty,3,25,75,,,3516,3283,3379,4103,Lund-Sweden,West,
873,29-09-2023,CUST873,Female,27,Electronics,4,25,100,,,3604,3896,2183,2594,Hong Kong-China,North,
874,26-06-2023,CUST874,Male,60,Beauty,1,30,30,,,3367,3384,4662,4735,Nice-France,South,
875,06-08-2023,CUST875,Female,51,Electronics,4,500,2000,,,4992,4331,4149,4934,Lund-Sweden,East,
876,09-10-2023,CUST876,Male,43,Clothing,4,30,120,,,3951,2416,4260,2554,Hong Kong-China,West,
877,19-06-2023,CUST877,Female,58,Clothing,1,25,25,,,3055,4142,3887,3031,Nice-France,North,
878,30-06-2023,CUST878,Female,20,Clothing,1,30,30,,,2203,2953,3823,4219,New York-USA,South,
879,26-12-2023,CUST879,Male,23,Clothing,1,30,30,,,3363,4609,2675,2859,Lund-Sweden,East,
880,21-08-2023,CUST880,Male,22,Beauty,2,500,1000,,,3715,4892,4338,3436,Hong Kong-China,West,
881,19-05-2023,CUST881,Male,22,Electronics,1,300,300,,,4931,4869,4663,2283,Nice-France,North,
882,06-06-2023,CUST882,Female,64,Electronics,2,25,50,,,2599,4082,4836,4776,Seattle-USA,South,
883,09-05-2023,CUST883,Male,40,Electronics,1,500,500,,,4679,3751,3562,2325,Atlantic City-USA,East,
884,29-04-2023,CUST884,Female,26,Clothing,2,30,60,,,2868,2908,2235,3449,Los Angeles-USA,West,
885,03-03-2023,CUST885,Female,52,Clothing,4,30,120,,,3561,3261,2439,4995,Lund-Sweden,North,
886,09-04-2023,CUST886,Male,37,Electronics,3,300,900,,,3985,4598,3844,3534,Hong Kong-China,South,
887,11-06-2023,CUST887,Male,59,Clothing,4,25,100,,,3553,3974,3890,3398,Nice-France,East,
888,03-03-2023,CUST888,Female,52,Electronics,4,25,100,,,3025,3377,4063,3710,Lund-Sweden,West,
889,02-10-2023,CUST889,Female,35,Electronics,1,50,50,,,2752,3264,3510,2248,Hong Kong-China,North,
890,20-12-2023,CUST890,Male,34,Electronics,2,25,50,,,4041,2556,3491,2996,Nice-France,South,
891,05-04-2023,CUST891,Male,41,Electronics,3,300,900,,,3504,4239,4006,4715,Lund-Sweden,East,
892,09-04-2023,CUST892,Male,20,Electronics,1,50,50,,,4114,3165,4641,2758,Hong Kong-China,West,
893,21-04-2023,CUST893,Male,49,Electronics,1,50,50,,,2306,4907,3516,2678,Nice-France,North,
894,05-09-2023,CUST894,Male,52,Electronics,1,30,30,,,2168,4952,4040,4721,New York-USA,South,
895,22-05-2023,CUST895,Female,55,Clothing,4,30,120,,,3524,3951,4233,2526,Lund-Sweden,East,
896,29-10-2023,CUST896,Female,30,Electronics,2,25,50,,,4428,3948,4677,2049,Hong Kong-China,West,
897,26-09-2023,CUST897,Female,64,Electronics,2,50,100,,,4651,2004,4757,2277,Nice-France,North,
898,02-11-2023,CUST898,Female,42,Clothing,3,30,90,,,2176,3534,3133,4423,Seattle-USA,South,
899,25-05-2023,CUST899,Male,26,Clothing,2,300,600,,,2578,2335,3598,2537,Atlantic City-USA,East,
900,21-02-2023,CUST900,Male,21,Clothing,2,30,60,,,2569,4648,2517,4538,Los Angeles-USA,West,
901,10-04-2023,CUST901,Male,31,Electronics,1,30,30,,,4920,4567,3061,4913,Lund-Sweden,North,
902,01-06-2023,CUST902,Female,54,Beauty,1,50,50,,,2550,2492,2208,4816,Hong Kong-China,South,
903,27-04-2023,CUST903,Female,51,Beauty,4,50,200,,,3047,2892,3942,3821,Nice-France,East,
904,04-07-2023,CUST904,Male,28,Clothing,1,500,500,,,3873,4106,4554,2741,Lund-Sweden,West,
905,02-04-2023,CUST905,Male,58,Beauty,1,300,300,,,3974,4940,2120,3986,Hong Kong-China,North,
906,04-06-2023,CUST906,Female,20,Clothing,1,50,50,,,4029,4304,2080,4109,Nice-France,South,
907,08-01-2023,CUST907,Female,45,Electronics,1,25,25,,,2759,2825,4553,2058,Lund-Sweden,East,
908,29-12-2023,CUST908,Male,46,Beauty,4,300,1200,,,4005,2539,2722,2295,Hong Kong-China,West,
909,01-10-2023,CUST909,Male,26,Electronics,1,300,300,,,4426,4420,3160,3651,Nice-France,North,
910,06-03-2023,CUST910,Female,20,Beauty,3,50,150,,,3442,2706,4637,3458,New York-USA,South,
911,21-05-2023,CUST911,Male,42,Electronics,3,300,900,,,3413,4926,4083,2352,Lund-Sweden,East,
912,24-01-2023,CUST912,Male,51,Beauty,3,50,150,,,4833,3301,3147,2445,Hong Kong-China,West,
913,28-01-2023,CUST913,Male,29,Electronics,3,30,90,,,2285,2736,3349,3691,Nice-France,North,
914,11-10-2023,CUST914,Female,59,Electronics,1,500,500,,,3903,2119,4069,3169,Seattle-USA,South,
915,30-05-2023,CUST915,Female,26,Beauty,3,30,90,,,3494,4400,4802,4919,Atlantic City-USA,East,
916,24-12-2023,CUST916,Female,32,Electronics,1,50,50,,,2803,3602,2508,2026,Los Angeles-USA,West,
917,06-03-2023,CUST917,Female,57,Electronics,4,50,200,,,4458,2966,4451,3677,Lund-Sweden,North,
918,23-11-2023,CUST918,Female,42,Electronics,3,30,90,,,3965,4009,2289,2950,Hong Kong-China,South,
919,09-09-2023,CUST919,Female,22,Beauty,2,25,50,,,3875,3065,3823,2900,Nice-France,East,
920,22-02-2023,CUST920,Female,28,Beauty,3,25,75,,,2999,2604,4432,4638,Lund-Sweden,West,
921,07-01-2023,CUST921,Male,51,Electronics,3,25,75,,,2584,4183,4498,4113,Hong Kong-China,North,
922,21-10-2023,CUST922,Male,41,Electronics,1,50,50,,,2756,3365,4900,4722,Nice-France,South,
923,26-05-2023,CUST923,Male,32,Beauty,3,300,900,,,2402,2580,4725,4822,Lund-Sweden,East,
924,29-08-2023,CUST924,Male,55,Beauty,2,50,100,,,3040,4574,4926,3043,Hong Kong-China,West,
925,03-09-2023,CUST925,Male,25,Electronics,1,300,300,,,4408,4421,4522,3432,Nice-France,North,
926,14-08-2023,CUST926,Male,22,Electronics,1,30,30,,,4139,2535,3881,3950,New York-USA,South,
927,24-06-2023,CUST927,Male,43,Electronics,4,500,2000,,,3694,3859,2135,4701,Lund-Sweden,East,
928,05-04-2023,CUST928,Female,35,Clothing,4,300,1200,,,2105,4061,2188,3118,Hong Kong-China,West,
929,27-01-2023,CUST929,Female,23,Beauty,3,25,75,,,4400,4962,3993,3500,Nice-France,North,
930,10-05-2023,CUST930,Male,54,Clothing,4,50,200,,,4241,2066,2527,3682,Seattle-USA,South,
931,02-09-2023,CUST931,Male,30,Beauty,4,30,120,,,2055,4060,2873,4190,Atlantic City-USA,East,
932,28-02-2023,CUST932,Female,45,Beauty,4,25,100,,,3223,4861,4180,2867,Los Angeles-USA,West,
933,03-02-2023,CUST933,Male,22,Beauty,1,30,30,,,3969,2957,3233,2055,Lund-Sweden,North,
934,25-07-2023,CUST934,Male,30,Beauty,1,500,500,,,3193,3033,2873,4264,Hong Kong-China,South,
935,09-09-2023,CUST935,Female,34,Beauty,1,50,50,,,4581,2963,4794,4153,Nice-France,East,
936,07-02-2023,CUST936,Male,57,Beauty,4,50,200,,,3015,3020,3225,3222,Lund-Sweden,West,
937,23-10-2023,CUST937,Female,62,Beauty,1,500,500,,,2576,4575,4805,4182,Hong Kong-China,North,
938,19-11-2023,CUST938,Male,49,Clothing,4,50,200,,,2881,4521,3187,4644,Nice-France,South,
939,18-12-2023,CUST939,Female,46,Electronics,1,300,300,,,4801,3222,3602,4726,Lund-Sweden,East,
940,28-01-2023,CUST940,Female,20,Electronics,1,30,30,,,3406,2416,3793,3276,Hong Kong-China,West,
941,19-03-2023,CUST941,Female,57,Clothing,2,25,50,,,2541,3861,3015,2805,Nice-France,North,
942,18-03-2023,CUST942,Male,51,Clothing,3,500,1500,,,3096,4583,2770,3885,New York-USA,South,
943,16-10-2023,CUST943,Female,57,Clothing,4,300,1200,,,3268,2178,3050,3317,Lund-Sweden,East,
944,05-06-2023,CUST944,Male,44,Clothing,2,25,50,,,4381,3033,2778,3796,Hong Kong-China,West,
945,13-02-2023,CUST945,Male,30,Beauty,1,25,25,,,3005,4217,4858,4398,Nice-France,North,
946,08-05-2023,CUST946,Male,62,Electronics,4,500,2000,,,4854,2922,2312,3515,Seattle-USA,South,
947,02-03-2023,CUST947,Male,50,Beauty,1,300,300,,,2884,2398,3385,3830,Atlantic City-USA,East,
948,13-10-2023,CUST948,Female,23,Electronics,3,25,75,,,4999,3657,4640,3616,Los Angeles-USA,West,
949,02-08-2023,CUST949,Female,41,Electronics,2,25,50,,,4595,3668,2135,3563,Lund-Sweden,North,
950,07-11-2023,CUST950,Male,36,Clothing,3,300,900,,,4909,2825,4824,3542,Hong Kong-China,South,
951,02-11-2023,CUST951,Male,33,Beauty,2,50,100,,,3472,2151,3445,2683,Nice-France,East,
952,13-11-2023,CUST952,Female,57,Clothing,1,25,25,,,4534,2277,2306,4012,Lund-Sweden,West,
953,26-04-2023,CUST953,Male,45,Beauty,3,30,90,,,3244,2699,3055,3572,Hong Kong-China,North,
954,25-09-2023,CUST954,Female,50,Electronics,3,300,900,,,2406,4530,4667,3181,Nice-France,South,
955,14-07-2023,CUST955,Male,58,Clothing,1,25,25,,,2209,2896,3575,4741,Lund-Sweden,East,
956,19-08-2023,CUST956,Male,30,Clothing,3,500,1500,,,3027,2651,3669,2818,Hong Kong-China,West,
957,15-08-2023,CUST957,Female,60,Electronics,4,30,120,,,4587,3861,2779,4502,Nice-France,North,
958,02-06-2023,CUST958,Male,62,Electronics,2,25,50,,,4074,3310,3813,2762,New York-USA,South,
959,29-10-2023,CUST959,Female,42,Electronics,2,30,60,,,3168,4594,4747,4081,Lund-Sweden,East,
960,08-08-2023,CUST960,Male,59,Clothing,2,30,60,,,4783,3341,3274,4249,Hong Kong-China,West,
961,06-06-2023,CUST961,Male,53,Beauty,4,50,200,,,3324,4957,4550,4234,Nice-France,North,
962,19-10-2023,CUST962,Male,44,Clothing,2,30,60,,,4140,3666,4915,3643,Seattle-USA,South,
963,14-11-2023,CUST963,Female,55,Beauty,1,50,50,,,3032,2906,3320,2395,Atlantic City-USA,East,
964,31-01-2023,CUST964,Male,24,Clothing,3,300,900,,,3749,2266,4430,2178,Los Angeles-USA,West,
965,09-11-2023,CUST965,Male,22,Clothing,4,50,200,,,4201,4527,3634,4918,Lund-Sweden,North,
966,20-02-2023,CUST966,Male,60,Electronics,2,500,1000,,,4624,3936,2883,3806,Hong Kong-China,South,
967,17-04-2023,CUST967,Male,62,Beauty,1,25,25,,,3132,3422,2015,2815,Nice-France,East,
968,17-11-2023,CUST968,Female,48,Clothing,3,300,900,,,2992,2172,2982,2726,Lund-Sweden,West,
969,19-04-2023,CUST969,Female,40,Clothing,3,300,900,,,3706,4315,3518,4157,Hong Kong-China,North,
970,16-05-2023,CUST970,Male,59,Electronics,4,500,2000,,,2693,2905,3924,3071,Nice-France,South,
971,05-12-2023,CUST971,Female,27,Electronics,4,50,200,,,3144,4291,4659,4561,Lund-Sweden,East,
972,11-02-2023,CUST972,Male,49,Beauty,4,25,100,,,2810,2208,4583,2670,Hong Kong-China,West,
973,22-03-2023,CUST973,Male,60,Clothing,1,50,50,,,3111,3636,2537,2635,Nice-France,North,
974,03-05-2023,CUST974,Male,47,Beauty,1,30,30,,,2735,2184,4879,2686,New York-USA,South,
975,30-03-2023,CUST975,Female,56,Clothing,4,50,200,,,2845,3426,3156,4917,Lund-Sweden,East,
976,10-10-2023,CUST976,Female,48,Beauty,2,300,600,,,4998,2874,2359,3706,Hong Kong-China,West,
977,08-02-2023,CUST977,Female,35,Electronics,3,25,75,,,4903,2306,4087,3132,Nice-France,North,
978,22-03-2023,CUST978,Female,53,Clothing,3,50,150,,,2540,3066,2900,4772,Seattle-USA,South,
979,02-01-2023,CUST979,Female,19,Beauty,1,25,25,,,2926,3330,2002,4561,Atlantic City-USA,East,
980,29-07-2023,CUST980,Female,31,Electronics,3,25,75,,,3931,3210,3785,4095,Los Angeles-USA,West,
981,19-08-2023,CUST981,Female,30,Electronics,2,30,60,,,4406,4927,3416,3732,Lund-Sweden,North,
982,19-12-2023,CUST982,Female,46,Beauty,3,30,90,,,3939,2823,4757,3474,Hong Kong-China,South,
983,01-11-2023,CUST983,Female,29,Clothing,1,300,300,,,3058,2736,2740,2928,Nice-France,East,
984,29-08-2023,CUST984,Male,56,Clothing,1,500,500,,,4111,2804,2582,2872,Lund-Sweden,West,
985,30-05-2023,CUST985,Female,19,Electronics,2,25,50,,,4995,4656,3734,4635,Hong Kong-China,North,
986,17-01-2023,CUST986,Female,49,Clothing,2,500,1000,,,2703,2010,2870,3983,Nice-France,South,
987,29-04-2023,CUST987,Female,30,Clothing,3,300,900,,,3677,3745,3288,2089,Lund-Sweden,East,
988,28-05-2023,CUST988,Female,63,Clothing,3,25,75,,,4483,2016,4729,4881,Hong Kong-China,West,
989,28-12-2023,CUST989,Female,44,Electronics,1,25,25,,,3463,4092,2227,3983,Nice-France,North,
990,25-05-2023,CUST990,Female,58,Beauty,2,500,1000,,,4565,4780,2489,4812,New York-USA,South,
991,26-12-2023,CUST991,Female,34,Clothing,2,50,100,,,3587,3271,3812,4437,Lund-Sweden,East,
992,21-08-2023,CUST992,Female,57,Electronics,2,30,60,,,2924,3530,2144,4987,Hong Kong-China,West,
993,06-02-2023,CUST993,Female,48,Electronics,3,50,150,,,3610,2699,2894,4021,Nice-France,North,
994,18-12-2023,CUST994,Female,51,Beauty,2,500,1000,,,4184,2821,3785,4449,Seattle-USA,South,
995,30-04-2023,CUST995,Female,41,Clothing,1,30,30,,,4382,3919,3355,4594,Atlantic City-USA,East,
996,16-05-2023,CUST996,Male,62,Clothing,1,50,50,,,2951,3772,4118,2899,Los Angeles-USA,West,
997,17-11-2023,CUST997,Male,52,Beauty,3,30,90,,,3080,3082,4186,2676,Lund-Sweden,North,
998,29-10-2023,CUST998,Female,23,Beauty,4,25,100,,,3067,2255,4781,3832,Hong Kong-China,South,
999,05-12-2023,CUST999,Female,36,Electronics,3,50,150,,,4079,4638,4061,3492,Nice-France,East,
1000,12-04-2023,CUST1000,Male,47,Electronics,4,30,120,,,4996,3085,4891,3094,Nice-France,East,
